Description,Default CPT/HCPCS Code,Primary Price
FLUORO SEPARATE PROC<1HR,76000,3628
INS ENDOVAS VENACAVA FLTR,37191,11299
RAD ABD 1 VW,74018,3900.54
RAD EXAM ABD 3+ VIEWS,74021,3498.61
RAD ABD COMP ACUTE ABD SE,74022,3477
RAD ABSC/FISTULA/SINUS TR,76080,7359
RAD ANK COMP 3>VW LT,73610,3966.53
RAD ANKLE 2 VW LT,73600,3929.33
RAD CHEST 2 VW FRONTAL &,71046,850
RAD CHEST 3 VW,71047,2700
RAD CHEST SGL1 VIEW,71045,732.41
RAD CLAV COMP RT,73000,3898.14
RAD ELBOW 2 VW RT,73070,3892.14
RAD FOOT 2 VW LT,73620,3245
RAD FOOT 2 VW RT,73620,3245
RAD FOOT COMP 3>VW LT,73630,3306
RAD FOREARM 2 VW LT,73090,3965.33
RAD HAND 2 VW LT,73120,3178
RAD HAND 3>VW RT,73130,3245
RAD HIP UNILAT 1 VW LT,73501,3754.16
RAD HIP UNILAT 1 VW RT,73501,3754.16
RAD HUMERUS 2>VW RT,73060,3293
RAD KNEE 1 TO 2 VW RT,73560,3893.34
RAD KNEE 3 VW LT,73562,4127.3
RAD KNEE 3 VW RT,73562,4127.3
RAD NECK SOFT TISS,70360,3754.16
RAD PELVIS 1TO 2 VW,72170,3306
RAD PELVIS COMP 3>VW,72190,3450
RAD RIBS UNILAT 2 VW LT,71100,4127.3
RAD SHOULDER 1 VW LT,73020,3812.95
RAD SHOULDER 1 VW RT,73020,3812.95
RAD SHOULDER COMP 2>VW LT,73030,4010.92
RAD SHOULDER COMP 2>VW RT,73030,4010.92
RAD SPINE 1 VW SPEC LEVEL,72020,3244
RAD SPINE CERV 2 TO 3 VW,72040,4073.31
RAD SPINE CERV 4>VW,72050,4321.67
RAD SPINE LUMB 2 TO 3 VW,72100,3298
RAD SPINE LUMBOSACRA 4>VW,72110,3199
RAD SPINE THOR 2 VW,72070,4010.92
RAD SPINE THOR 3 VW,72072,3183
RAD TIBIA/FIBULA 2 VW LT,73590,3966.53
RAD TIBIA/FIBULA 2 VW RT,73590,3966.53
RAD WRIST 2 VW LT,73100,3244
RAD WRIST 2 VW RT,73100,3892.14
RAD WRIST COMP 3>VW LT,73110,3966.53
RAD WRIST COMP 3>VW RT,73110,3966.53
CINE/VID RAD THROAT/ESOPH,74230,6488.5
RAD ELBOW 2 VW BILAT,73070,1328
RAD FOOT 2 VW BILAT,73620,1328
RAD TIBIA/FIBULA 2 VW BIL,73590,1328
RAD WRIST COMP 3>VW BILAT,73110,1328
RAD CHEST SGL VW FRNT RPT,71045,1328
RAD SCAPULA  COMP  LT,73010,1593.33
US ABDOMEN LTD,76705,4566.42
US EXAM ABDOM COMPLETE,76700,5401.48
US EXAM CHEST B-SCAN,76604,3116
US EXAM PELVIC COMPLETE,76856,4410
US EXAM PELVIC LIMITED,76857,2478.78
US EXAM ABD BACK WALL CMP,76770,5286.3
US EXAM ABD BACK WALL LTD,76775,3998.92
US EXAM OF HEAD AND NECK,76536,864
US KIDNEY TRANSPL W/DPPLR,76776,3738.56
US XTR NON VASC LMTD,76882,2421.19
DUPLX SCAN EXTRACRANIAL A,93880,4722.4
DUPLX SCAN IN OUT FLO ABD,93976,1806
DUPLX SC FLO ABD/PLV;COMP,93975,6534.09
DPLX SC LE ART/BYP; CP BI,93925,1672
DPLX SC LE ART/BYP LTD UI,93926,4140.5
DPLX SC UE ART/BYP LTD UI,93931,3123.07
DUPLX SCAN EXT VEINS COMP,93970,5130.33
DUPLX SCAN EXT VEINS UNIL,93971,3738.56
NON INVAS PHY SDY LOW EXT,93922,2637.15
RAD CHEST 2VS F&L ALP,71047,893
DUPLEX SCAN VEINS LEFT,93971,3116
XRAY EXAM HIP UNI 2-3VIEW,73502,1593.33
X-RAY EXAM OF FEMUR 2VRT,73552,3966.53
X-RAY EXAM OF FEMUR 2VIEW,73552,1328
XRAY EXAM HIP UNI 1 VIEW,73501,3432
XRAY EXAM HIP UNI 2-3VIEW,73502,1593.33
MRI BRAIN W/O DYE,70551,8304
MRI BRAIN W/O & W/DYE,70553,7390
MRI PELVIS W/O DYE,72195,7593
MRI NECK SPINE W/O DYE,72141,8304
MRI LUMBAR SPINE W/O DYE,72148,8304
MRI LUMBAR SPN W/O&W/DYE,72158,9135
MRI  SPN  ; WO THN W/D TH,72157,9135
CT ABDOMEN W/DYE,74160,8425
CT ABDOMEN W/O DYE,74150,5576
CT ABDOMEN W/O & W/DYE,74170,8304
CT NECK SPINE W/DYE,72126,5764
CT NECK SPINE W/O DYE,72125,7371
CT HEAD/BRAIN W/O & W/DYE,70470,7567
CT HEAD/BRAIN W/O DYE,70450,8304
CT LOW EXT W/CONT RT,73701,8425
CT LOW EXT WO CONT LT,73700,7593
CT LOW EXT WO CONT RT,73700,7593
CT LUMBAR SPINE W/DYE,72132,3941
CT LUMBAR SPINE W/O DYE,72131,4342
CT LUMBAR SPINE W/WO DYE,72133,8234
CT MAXILLOFACIAL W/O DYE,70486,3123
CT PELVIS W/DYE,72193,8425
CT PELVIS W/O DYE,72192,7593
CT PELVIS W/O & W/DYE,74176,8425
CT SOFT TISSUE NECK W/DYE,70491,6969
CT SOFT TISSUE NECK W/O D,70490,2720
CT CHEST SPINE W/DYE,72129,8123
CT CHEST SPINE W/O DYE,72128,1888
CT CHEST SPINE W/WO DYE,72130,8234
CT THORAX W/DYE,71260,7497
CT THORAX W/O DYE,71250,6409
CT THORAX W/O & W/DYE,71270,6491
CT UPPR EXTRM W/WO DYE LT,73202,6491
CT LOWER EXTRM W/DYE BILT,73701,5222
CT LO EXTRM WO CONT BILAT,73700,2004
CT ANGIOGRAPHY HEAD,70496,5532
CT ANGIO ABD W/O & W/DYE,74175,4409
CT ANGIOGRAPHY CHEST,71275,3571
CT NECK W/DYE,70498,9163
CT ABD & PELVIS W/O CONTR,74176,10949
CT ABD & PELVIS W/DYE,74177,8532
CT ABD & PELV W&W/O CONT,74178,11164
CT ANGIO HRT W/3D IMAGE,75574,5140
GLUCOSE OTHER FLUID,82945,97.53
LEUKOCYTE ASSESSMENT FECA,89055,76
ACETONE ASSAY,82010,277.13
ASSAY OF ACTH,82024,1140.63
ASSAY OF SERUM ALBUMIN,82040,97.53
MICROALBUMIN QUANTITATIVE,82043,517.39
ASSAY OF URINE ALBUMIN,82042,118.94
ALPHA-1-ANTITRYPSIN TOTAL,82103,396.07
ASSAY OF AMIKACIN,80150,616.11
ASSAY OF AMMONIA,82140,462.67
ASSAY OF AMYLASE,82150,580.42
BILIRUBIN DIRECT,82248,86.83
BILIRUBIN TOTAL,82247,71.36
OCCULT BLD FECES 3 CONSEC,82270,117.75
OCCULT BLOOD OTHER SOURCE,82271,133.21
VITAMIN D 25 HYDROXY,82306,783.81
ASSAY OF CALCITONIN,82308,802.84
ASSAY OF CALCIUM,82330,560.2
ASSAY OF CALCIUM,82310,97.53
ASSAY OF CALCIUM IN URINE,82340,151.05
CALCULUS SPECTROSCOPY,82365,166.52
ASSAY CARBAMAZEPINE TOTAL,80156,288
ASSAY CARBOXYHB QUANT,82375,361.58
CARCINOEMBRYONIC ANTIGEN,82378,390
ASSAY OF URINE CHLORIDE,82436,152.24
CORTISOL FREE,82530,1466.52
TOTAL CORTISOL,82533,474.57
CREATINE MB FRACTION,82553,428.18
ASSAY OF CK (CPK),82550,97.53
ASSAY OF CREATININE,82565,97.53
CREATININE CLEARANCE TEST,82575,575.67
ASSAY OF URINE CREATININE,82570,135.59
VITAMIN B-12,82607,443.64
DRUG ASSAY CYCLOSPORINE,80158,774
ASSAY OF DIGOXIN TOTAL,80162,330.65
VIT D 1 25-DIHYDROXY,82652,1078.78
ASSAY DIPROPYLACETIC ACID,80164,437.7
ASSAY OF FERRITIN,82728,249.77
ASSAY OF FOLIC ACID RBC,82747,598
ASSAY OF FOLIC ACID SERUM,82746,481.7
BLOOD GASES ANY COMBI,82803,512.63
ASSAY OF GENTAMICIN,80170,588.75
ASSAY IGA/IGD/IGG/IGM EA.,82784,292.59
ASSAY OF IGE,82785,497.17
GLUCOSE BLOOD TEST,82962,12.6
ASSAY OF G6PD ENZYME,82955,299
ASSAY OF GGT,82977,97.53
CHORIONIC GONADOTROPIN AS,84703,197.44
GONADOTROPIN (FSH),83001,429
ASSAY OF HAPTOGLOBIN QUAN,83010,380.61
GLYCOSYLATED HEMOGLOBIN T,83036,330.65
BLOOD METHEMOGLOBIN ASSAY,83050,695.79
IMMUNOASSAY NONANTIBODY,83516,197.44
RIA NONANTIBODY,83519,1882.81
IMMUNOASSAY QUANT NOS NON,83520,1446.3
ASSAY OF IRON,83540,97.53
IRON BINDING TEST,83550,222.42
ASSAY OF LACTIC ACID,83605,629.19
LACTATE (LD) (LDH) ENZYME,83615,97.53
ASSAY OF LIPASE,83690,193.87
ASSAY OF LITHIUM,80178,169
ASSAY OF MAGNESIUM,83735,143.92
ASSAY OF METANEPHRINES,83835,511.44
ASSAY OF MYOGLOBIN,83874,661.3
ASSAY OF BLOOD OSMOLALITY,83930,174.84
ASSAY OF URINE OSMOLALITY,83935,174.84
METABOLIC PANEL TOTAL CA,80048,256.2
COMPREHEN METABOLIC PANEL,80053,286.3
HEPATIC FUNCTION PANEL,80076,167.7
LIPID PANEL,80061,250.96
RENAL FUNCTION PANEL,80069,233.12
ASSAY OF PARATHORMONE,83970,826.63
ASSAY PH BODY FLUID NOS,83986,152.24
ASSAY OF PHENOBARBITAL,80184,399
ASSAY OF PHENYTOIN TOTAL,80185,330.65
ASSAY ALKALINE PHOSPHATAS,84075,124.89
ASSAY OF PHOSPHORUS,84100,166.52
ASSAY OF SERUM POTASSIUM,84132,97.53
ASSAY OF URINE POTASSIUM,84133,147.48
ASSAY OF PREALBUMIN,84134,1238.16
ASSAY OF PROLACTIN,84146,677.95
PROTEIN E-PHORESIS SERUM,84165,308.05
ASSAY OF PROTEIN SERUM,84155,333.03
QUANTITATIVE ASSAY DRUG,80299,1070
ASSAY OF RENIN,84244,666.06
ASSAY OF SERUM SODIUM,84295,97.53
ASSAY OF URINE SODIUM,84300,147.48
ASSAY OF TACROLIMUS,80197,233.12
ASSAY OF THEOPHYLLINE,80198,330.65
ASSAY OF VITAMIN B-1,84425,718.39
ASSAY THYROID STIM HORMON,84443,317.57
ASSAY OF FREE THYROXINE,84439,366.33
ASSAY OF TOBRAMYCIN,80200,495
ALANINE AMINO (ALT) (SGPT,84460,97.53
TRANSFERASE (AST) (SGOT),84450,97.53
ASSAY OF TRANSFERRIN,84466,390.12
ASSAY OF TRIGLYCERIDES,84478,166.52
FREE ASSAY (FT-3),84481,659
ASSAY TRIIODOTHYRONINE (T,84480,474.57
ASSAY OF TROPONIN QUANT,84484,444.83
UREA-N CLEARANCE TEST,84545,233.12
ASSAY OF URINE/UREA-N,84540,147.48
ASSAY OF UREA NITROGEN,84520,97.53
ASSAY OF BLOOD/URIC ACID,84550,97.53
ASSAY OF URINE/URIC ACID,84560,147.48
ASSAY OF VANCOMYCIN,80202,610.16
ASSAY OF VIP,84586,1511.72
IMMUNOASSAY TUMOR CA 15-3,86300,643
ASSAY OF PHENYTOIN FREE,80186,584
ASSAY OF NATRIURETIC PEPT,83880,1446.3
ASSAY OF HOMOCYSTINE,83090,520
ASSAY OF PROTEIN OTHER,84157,107.05
ASSAY NEPHELOMETRY NOT SP,83883,97.53
ASSAY OF PROTEIN URINE,84156,63.04
PROTEIN E-PHORESIS/URINE/,84166,305.67
ASSAY TEST - BLOOD FECAL,82274,583.99
COL. CHROMOTOGRAPHY QUANT,82542,663.68
PLATELET ANTIBODIES,86022,1333.31
ASPERGILLUS ANTIBODY,86606,453.16
LYME DISEASE ANTIBODY,86618,738.61
COCCIDIOIDES ANTIBODY,86635,453.16
HELICOBACTER PYLORI ANTB,86677,700
HEPATITIS DELTA AGENT ANT,86692,630.38
HERPES SIMPLEX NES ANTBDY,86694,647
HISTOPLASMA ANTIBODY,86698,580.42
TREPONEMA PALLIDUM,86780,559.01
ANTINUCLEAR ANTIBODIES,86038,330.65
CARDIOLIPIN ANTBDY EA IG,86147,461
COMPLEMENT ANTIGEN,86160,1207.23
COMPLEMENT TOTAL (CH50),86162,580.42
C-REACTIVE PROTEIN,86140,128.45
DNA ANTIBODY NATIVE,86225,453.16
NUCLEAR ANTIGEN ANTIBODY,86235,475.76
FLUORESCENT ANTIBODY SCRN,86255,1238.16
HEPATITIS A IGM ANTIBODY,86709,271.18
HEPATITIS A TOTAL ANTIBOD,86708,250.96
HEP B CORE ANTIBODY IGM,86705,271.18
HEP B CORE ANTIBODY TOTAL,86704,271.18
HEP B SURFACE ANTIBODY,86706,271.18
HEPATITIS BE ANTIBODY,86707,167
HEPATITIS C AB TEST,86803,271.18
HETEROPHILE ANTIBODY SCRN,86308,119
IMMUNOFIX E-PHORESIS SERU,86334,695.79
PARTICLE AGGLUTINATION TE,86403,215
RHEUMATOID FACTOR - QUAL,86430,132.02
RHEUMATOID FACTOR QUANT,86431,111
IMMUNOASSAY TUMOR CA 19-9,86301,643
AG DETECT NOS EIA MULT,87449,547.12
IMMUNOASSAY TUMOR CA 125,86304,399
ANA ANTIBODIES ANA TITER,86039,324.7
IMMUNFIX E-PHORSIS/URINE/,86335,497.17
BETA-2 GLYCOPROTEIN ANTIB,86146,259
T CELL ABSOLUTE COUNT,86361,1170.36
CCP ANTIBODY,86200,185
TB TEST CELL IMMUN MEASUR,86480,2213
EOSINOPHILS URINE TEST,85999,126.08
ASSAY OF ALDOLASE,82085,207
ASSAY OF ALDOSTERONE,82088,1087.11
COMPLETE CBC AUTOMATED,85027,217
CMPLT CBC W/ATO DIFF WBC,85025,341.6
HEMOGLOBIN,85018,99.91
BL SMEAR W/DIFF WBC COUNT,85007,86.83
HEMATOCRIT,85014,99.91
AUTOMTD RETICULOCYTE CNT,85045,67.8
AUTOMATED LEUKOCYTE COUNT,85048,84
ANTITHROMBIN III ANTIGEN,85301,721
ANTITHROMBIN III ACTIVITY,85300,721
CLOT INHIBIT PROT C ACTIV,85303,876
CLOT INHIBIT PROT S FREE,85306,1212
FIBRIN DEGRADE SEMIQUANT,85378,291
FIBRIN DEGRADATION QUANT,85379,481.7
FIBRINOGEN ACTIVITY,85384,658.92
PHOSPHOLIPID PLTLT NEUTRA,85597,520
PROTHROMBIN TIME,85610,227.5
RUSSELL VIPER VENOM DILUT,85613,865
RBC SED RATE NONAUTOMATED,85651,181
RBC SED RATE AUTOMATED,85652,114.18
THROMBIN TIME PLASMA,85670,464
THROMBOPLASTIN  (PTT),85730,270.2
PTT PLAS FRACT EA,85732,488
AUTOMATED PLATELET COUNT,85049,529.28
HEPARIN ASSAY,85520,635.14
ASSAY ACTIVATED PROTEIN C,85307,914
HEX PHOSPHOLIP PLTLT NEUT,85598,554
SPECIMEN INFECT AGNT CONC,87015,112.99
CULTURE ANAEROBE IDENT EA,87076,121.32
CULTURE AEROBIC IDENTIFY,87077,336.6
CULTR BACTERIA EXCEPT BLO,87075,437.7
BLOOD CULTURE FOR BACTERI,87040,459.11
CULTURE OTHR SPECIMN AERO,87070,769.54
URINE CULTURE/COLONY COUN,87086,305.67
URINE BACTERIA CULTURE,87088,409.15
FUNGI IDENTIFICATION YEAS,87106,870.64
BLOOD FUNGUS CULTURE,87103,128
FUNGUS ISOLATION CULTURE,87102,566.15
CULTURE SCREEN ONLY,87081,201.01
MYCOBACTERIA CULTURE,87116,283.08
CULTURE TYPE IMMUNOLOGIC,87147,89.2
CLOSTRIDIUM AG EIA,87324,618.48
HEPATITIS B SURFACE AG EI,87340,271.18
HEPATITIS BE AG EIA,87350,271.18
DETECT AGENT NOS DNA AMP,87798,607.78
HEPATITIS B DNA QUANT,87517,1323
HEPATITIS C REVRS TRNSCRP,87522,1988.67
HIV-1 QUANT&REVRSE TRNSCR,87536,1445.11
OVA AND PARASITES SMEARS,87177,233
SMEAR FLUORESCENT/ACID ST,87206,421.05
SMEAR GRAM STAIN,87205,253.34
SMEAR SPECIAL STAIN,87207,354
MICROBE SUSCEPTIBLE DIFFU,87181,216.47
MICROBE SUSCEPTIBLE DISK,87184,74.93
MICROBE SUSCEPTIBLE MIC,87186,359.2
VIRUS INOCULATION TISSUE,87252,1449
TISSUE HOMOGENIZATION CUL,87176,385.36
HPYLORI STOOL EIA,87338,486.46
CHYLMD TRACH DNA AMP PROB,87491,358
N.GONORRHOEAE DNA AMP PRO,87591,1083
PNEUMOCYSTIS CARINII AG I,87281,947.95
AGENT NOS ASSAY W/OPTIC,87899,491.22
URINALYSIS AUTO W/SCOPE,81001,250.6
URINALYSIS AUTO W/O SCOPE,81003,58.8
MICROSCOPIC EXAM OF URINE,81015,36.4
ASPERGILLUS AG EIA,87305,440.08
CULTURE AEROBIC QUANT OTH,87071,162.95
C DIFF AMPLIFIED PROBE,87493,1599.73
BODY FLUID CELL COUNT,89050,154.62
BODY FLUID CELL COUNT,89051,600.64
NASAL SMEAR FOR EOSINOPHI,89190,118.94
DECALCIFY TISSUE,88311,159.38
LEVEL III SURGH GROSS/MI,88304,990.76
LEVEL IV SURG GROSS/MICRO,88305,1027.64
LEVEL V SURGH GROSS/MICRO,88307,5123.91
SPECIAL STAINS GROUP 1,88312,1223.89
CYTOPATH CELL ENHANCE TEC,88112,1359.48
RBC ANTIBODY ELUTION,86860,531
RBC ANTIBODY IDENTIFICATN,86870,884.91
RBC ANTIBODY SCREEN,86850,425.8
COOMBS TEST DIRECT,86880,193.87
BLOOD TYP ANTI DONOR EA,86902,193.87
BLOOD TYPING PATIENT SERU,86904,1720
BLOOD TYP SEROLOGIC ABO,86900,361.58
BLOOD TYPING RBC ANTIGENS,86905,222.42
BLOOD TYP SERO RH (D),86901,235.5
BLOOD TYP SERO RH PHNT,86906,560.2
COMPATIBILITY TEST ANTIGL,86922,567.34
COMPATIBILITY TEST SPIN,86920,300.92
PLASMA FRESH FROZEN,86927,2151.61
FROZEN BLOOD FREEZE/THAW,86932,91.58
BLOOD PRODUCT/IRRADIATION,86945,547.12
RBC PRETX INCUBATJ W/CHEM,86970,462.67
RBC PRETREATMENT SERUM,86978,1377
BLOOD TRANSFUSION SERVICE,36430,2181.35
IMMUNOHISTO ANTBDY SLIDE,88341,805.22
IMMUNOHISTO ANTBDY STAIN,88342,4051.07
GENOTYPE DNA/RNA HEP C,87902,9453.3
MICROBE SUSCEPTIBLE ENZYM,87185,174.84
INFLUENZA ASSAY W/OPTIC,87804,484.08
CRYPTOSPORIDIUM AG IF,87272,370
STREP A ASSAY W/OPTIC,87880,370
DETECT AGENT NOS DNA QUAN,87799,1954.17
"SMEAR, COMPLEX STAIN O&P",87209,245
ASSAY PROCALCITONIN (PCT),84145,1220.32
F5 GENE,81241,1887
DNA/RNA AMPLIFIED PROBE,87150,1288.11
DRUG SCR QUAN LEVETRACETA,80177,398.45
DRUG SCR QUAN LAMOTRIGINE,80175,486.46
IADNA-DNA/RNA PRB TQ12-25,87507,9749
RESP VIRUS 12-25 TARGETS,87633,15306.3
CHYLMD PNEUM DNA AMP PROB,87486,1288.11
M.PNEUMON DNA AMP PROBE,87581,1288.11
HIV-1/2 ANTIGEN/BOD 4GEN,87389,669.63
DRUG TEST DEF 1-7 CLASS',G0480,1633.04
RED BLOOD CELLS UNIT,P9021,1000
PLATELETS EACH UNIT,P9019,2946
RBC LEUKOCYTES REDUCED,P9016,4756
FR FRZ PLASMA DONOR RETES,P9060,1792
ATROPINE 1MG INJ,J0461,30.71
METHYLPHENIDATE IR 5MG TA,,5.83
HYDROMORPHONE 2MG TAB,,5.83
HYDROMORPHONE 2MG INJ,J1170,30.71
CLOPIDOGREL 75MG TAB,,82.68
MONTELUKAST 10MG TAB,,40.64
PENICILLIN VK 500MG TAB,,5.83
ARTIFICIAL TEAR 0.5% SOL,,258.68
OXYCODONE (12HR) CR 10MG,,20.9
GLYCOPYRROLATE 1MG TAB,,20.59
ZINC OXIDE OINT OIN,,28.17
ALPRAZOLAM 0.5MG TAB,,9.01
ALPRAZOLAM 0.25MG TAB,,7.7
PIPERACILLIN/TAZOBAC,J2543,293.77
OCTREOTIDE 0.05MG INJ,J2354,117.81
VERAPAMIL 40MG TAB,,5.83
BOTULINUM TOXIN TYPE 100U,J0585,7441.19
VIT MULTI + MINERAL TAB,,5.83
PNEUMOCOCCAL POLY 25MCG I,90732,219.55
ACETYLCYSTEINE 20% 200MG,J3490,180.72
ROPINIROLE 0.25MG TAB,,12.08
POT CHL (750MG) ER 10MEQ,,5.83
SCOPALAMINE 1.5MG PAT,,87.12
POT CHL 20MEQ/100ML 0.2ME,J3480,172.68
CODEINE/APAP 30/300 30/30,,5.83
PNEUMOCOCCAL POLY 25MCG I,90732,392.53
POT CHL 10% UD 1.334MEQ L,,5.83
MIDAZOLAM 1MG INJ,J2250,30.71
LOPERAMIDE 2MG CAP,,8.3
MAFENIDE ACETATE 8.5% CRE,,289.31
TACROLIMUS 1MG CAP,J7507,43.47
CLONAZEPAM 0.5MG TAB,,9.44
LEVOTHYROXINE 75MCG TAB,,5.83
SOD/POTASS PHOS MIX PAC,,6.5
DIAZEPAM 5MG INJ,J3360,33.19
DIAZEPAM 5MG TAB,,5.83
HYDROCORTISONE 10MG TAB,,5.83
HYDROCORTISONE 20MG TAB,,5.83
TRAZODONE 100MG TAB,,8.81
CYCLOPHOSPHAMIDE 50MG TAB,J8530,48.91
LIDOCAINE 2% JELLY 2% JEL,,101.18
VIT A 10000 UNIT CAP,,5.87
DORZOLAMIDE +TIMOLOL SOL,,664.01
LORAZEPAM 1MG TAB,,10.78
LEFLUNOMIDE 20MG TAB,,215.41
TOLTERODINE 2MG TAB,,23.87
ENOXAPARIN SYRINGE 80MG I,J1650,702.71
QUETIAPINE 200MG TAB,,76.74
NICOTINE POLACRILEX 2MG T,,5.83
DOCUSATE SOD UD CUP 10MG,,5.83
TEMAZEPAM 15MG CAP,,8.36
REPAGLINIDE 1MG TAB,,15.26
POT CHLORIDE 2MEQ INJ,J3480,30.71
CETYL ALC/STEARYL/ A LOT,,72.37
AMOXICILLIN 250MG CAP,,5.83
SILVER SULFADIAZINE 1% CR,,97.51
SOD FERRIC GLUCONATE 12.5,J2916,450.73
CLINDAMYCIN PO4 150MG INJ,J3490,102.46
PAMIDRONATE 30MG INJ,J2430,3302.81
DRONABINOL 2.5MG CAP,,53.12
AMOX/CLAV 500/125MG TAB,,44.64
GLYBURIDE 5MG TAB,,9.25
ERYTHROMYCIN E.S. 80MG SU,,1414.87
ALTEPLASE 2MG INJ,J2997,902.99
PENTOXIFYLLINE ER 400MG T,,7.87
SIMETHICONE DROPS 66.67MG,,82.53
SPIRONOLACTONE 100MG TAB,,28.49
BUMETANIDE 1MG TAB,,5.83
POLYMYXN +TRIMETHOPR SOL,,205.62
MORPHINE IR 15MG TAB,,5.83
KETOCONAZOLE 2% CRE,,247.4
PREDNISOLONE ACETATE 1% S,,148.73
CILOSTAZOLE 50MG TAB,,26.38
CARBAMIDE PEROXIDE 6.5% S,,29.31
FLUOXETINE HCL 4MG LIQ,,2524.51
THEOPHYLLINE ANHY SA 400M,,12.79
QUETIAPINE 100MG TAB,,40.76
CHLORTHALIDONE 25MG TAB,,5.83
OXYBUTYNIN XL 5MG TAB,,41.09
DOCUSATE SOD/BENZ 283/20,,26.45
FOSPHENYTOIN 50MG INJ,Q2009,38.9
TRAMADOL 50MG TAB,,9.44
CYCLOSPORINE (MOD) 25MG,J7515,16.28
MYCOPHENOLATE 250MG CAP,J7517,38.26
QUETIAPINE 25MG TAB,,23.29
PRIMIDONE 50MG TAB,,5.83
LEVOFLOX/D5W PREMIX 5MG I,J1956,538.78
OXANDROLONE 2.5MG TAB,,65.78
FUROSEMIDE 10MG INJ,J1940,30.71
SODIUM PHOSPHATE 3MM INJ,,30.71
ENOXAPARIN SYRINGE 30MG I,J1650,263.24
METHYLPHENIDATE IR 10MG T,,5.83
CLARITHROMYCIN 500MG TAB,,62.71
GLUCAGON 1MG INJ,J1610,566.47
ETIDRONATE 400MG TAB,,85.68
ETOMIDATE 2MG INJ,,216.09
ACETAZOLAMIDE NA 50MG INJ,J1120,265.57
POTASSIUM PHOS MIX PAC,,7.87
VIT B COMP +C +FA CAP,,5.83
GUAIFENESIN/D-METHOR 1ML,,57.04
MOMETASONE FUROATE 0.1% O,,379.81
PHENYLEPH X-TRA STRN 1% S,,46.66
CARBIDOP/LEVODOPA CR 25/1,,13
FLUDROCORTISONE 0.1MG TAB,,10.44
PIOGLITAZONE 15MG TAB,,46.16
DIPHENHYDRAMINE 2% CRE,,28.17
PIPERACIL/TAZO2.25GM INJ,J2543,180.24
LIOTHYRONINE 5MCG TAB,,6.5
RISPERIDONE 1MG TAB,,47.47
FLUCONAZOL/NSS PREMX 2MG,J1450,2093.64
PENICILLIN G POT 20MU INJ,J2540,1891.36
AZTREONAM 2GM INJ,J3490,948.92
NORTRIPTYLINE 10MG CAP,,5.83
LABETALOL 5MG INJ,J3490,221.32
SWFI STERILE WATER 1ML IN,,117.71
DOXAZOSIN 2MG TAB,,14.09
ACYCLOVIR 40MG SUS,,103.12
LIDOCAINE 5% TOPICAL 5% O,,179.31
AMILORIDE 5MG TAB,,5.83
LIDOCAINE 1% LOCAL 1% INJ,J2001,181.8
LIDOCAINE 1% LOCAL 1% INJ,J2001,30.71
LIDOCAINE 2% LOCAL 20MG I,J2001,68.24
AZITHROMYCIN 500MG INJ,J0456,362.22
BRIMONIDINE 0.2% SOL,,385.63
BISACODYL 0.3333MG ENE,,28.17
SOD BICARB 650MG TAB,,5.83
DICLOXACILLIN 250MG CAP,,7.87
VIT B-1 (THIAMINE) 100MG,,5.83
VANCOMYCIN 1GM INJ,J3370,79.61
BUTAMB/TETRACAIN/BE SPR,,690.43
VALACYCLOVIR 500MG TAB,,85.27
AZTREONAM 1GM INJ,J3490,467.03
MORPHINE SR 15MG TAB,,12.79
KETOCONAZOLE 2% SHA,,324.31
LACTULOSE UD CUP 30ML SYR,,35.19
TRIAMCINOLONE 0.025% 0.02,,35.45
PSEUDOEPHEDRINE 30MG TAB,,5.83
ATOVAQUONE 150MG SUS,,5325.42
LEVOTHYROXINE 50MCG TAB,,5.83
BUPROPION SR 150MG TAB,,35.57
PROPRANOLOL 10MG TAB,,5.83
OXYCODONE (12HR) CR 20MG,,40.06
OXYCODONE (12HR) CR 40MG,,71.07
MORPHINE 2MG INJ,J2270,30.71
METHIMAZOLE 5MG TAB,,6.29
DAPSONE 100MG TAB,,5.83
ENALAPRILAT 1.25MG INJ,,196.88
METHADONE 5MG TAB,S0109,5.83
LITHIUM CARBONATE 150MG C,,5.83
NIMODIPINE 30MG CAP,,108.98
CHLOESTYRAMINE/ASPAR PKT,,24.94
PENICILLIN G POT 5 MMU,J2540,40.64
POT CHLORIDE 2MEQ INJ,J3480,30.71
DOBUTAM 500MG PREMIX 2MG,J1250,1015.82
LETROZOLE 2.5MG TAB,,108.48
BUSPIRONE 15MG TAB,,25.05
DILTIAZEM IR 60MG TAB,,8.3
COSYNTROPIN 0.25MG INJ,J0834,1049.01
DILTIAZEM CD 180MG CAP,,15.39
SELENIUM SULFIDE 1% SHA,,38.97
ADENOSINE 3MG INJ,J0153,510.73
VIT B COMP +C CAP,,5.83
SOD CHL 23.4% 4MEQ 30ML,J7131,30.71
ALUM /SAL ACID/MENTH TUBE,,28.17
FLUMAZENIL 0.1MG,J3490,1222.44
MORPHINE SR 30MG TAB,,20
NYSTATIN/TRIAMCINOLO CRE,,50.2
METHYLPRED NA SUCC 125MG,J2930,262.15
TRIAMCINOLONE 0.1% 0.1% L,,500.67
FENTANYL 100MCG/H PAT,,734.79
MIDODRINE 5MG TAB,,28.72
NYSTATIN 100MU/ML 5ML,,13.93
COLESTIPOL 1GM TAB,,7.87
ENOXAPARIN SYRINGE 40MG I,J1650,350.99
LAMIVUDINE 150MG TAB,,68.36
MEROPENEM 1GM INJ,J2185,453.32
IMIPENEM & CILASTAT 250MG,J0743,234.66
MEROPENEM 500MG INJ,J2185,219.81
CLONIDINE 0.1MG TAB,,5.83
CLONIDINE TTS-1 PAT,,205.03
CLONIDINE TTS-2 TTS-2 PAT,,345.1
BISACODYL 10MG SUP,,10.25
BISACODYL EC 5MG TAB,,5.83
LORATADINE 10MG TAB,,38.15
SOD CIT/CITRIC ACID SOL,,6.99
LOSARTAN 50MG TAB,,18.83
ZINC SULFATE 220MG CAP,,5.83
BUMETANIDE 0.25MG INJ,J3490,30.71
LEVOTHYROXINE 125MCG TAB,,5.83
GABAPENTIN 300MG CAP,,20.12
METFORMIN 500MG TAB,,10.56
LEVOTHYROXINE 88MCG TAB,,5.83
OFLOXACIN 0.3% SOL,,602.84
GABAPENTIN 100MG CAP,,6.85
CETIRIZINE 10MG TAB,,5.83
TORSEMIDE 20MG TAB,,11.96
TRIHEXYPHENIDYL 2MG TAB,,5.83
IPRATROPIUM BR SPRAY 0.03,,745.42
SODIUM HYPOCHLORITE 0.25%,,85.01
MAGNESIUM HYD UD CUP 1ML,,5.83
LIDOCAINE 1% / EPI INJ,,30.71
DILTIAZEM CD 120MG CAP,,17.01
FINASTERIDE 5MG TAB,S0138,37.67
METHOTREXATE 2.5MG TAB,J8610,43.95
MEGESTROL 40MG TAB,,12.68
VIT B COMP + C+FA TAB,,6.39
CEFTAZIDIME 2GM INJ,J0713,335.8
RIFAMPIN 300MG CAP,,23.29
AZITHROMYCIN 250MG TAB,,102.12
MICONAZOLE 2% CRE,,38.97
DANTROLENE 100MG CAP,,23.51
IPRATROPIUM BR SPRAY 0.06,,639.1
NOREPINEPHRINE 1MG INJ,,129.99
AMIKACIN 250MG INJ,J0278,70.84
DEX 50% VIAL 0.5GM 50ML,,30.71
MG SULF 4MEQ/ML 2ML SDV,J3475,30.71
SOD BICARB 8.4% SYR 1MEQ,,31.31
AZATHIOPRINE 50MG TAB,J7500,15.47
DIGOXIN 0.125MG TAB,,5.83
DIGOXIN,J1160,30.71
GENTAMICIN 0.1% CRE,,43.95
SULFAMETHOX/TRIMETH 80/16,J3490,81.69
SULFAMETHOX/TRIMETH 800/1,,13.49
CAPSAICIN 0.025% CRE,,194.88
TORSEMIDE 100MG TAB,,44.39
CEFEPIME 1GM INJ,J0692,251.52
GUAIFENESIN 200MG TAB,,5.83
METRONIDAZOLE 0.75% GEL,,965.52
TIZANIDINE 4MG TAB,,19.29
LEVOFLOXACIN 500MG TAB,,139.07
MAG/AL HYDR/SIM UD 1ML SU,J3490,5.83
METHYLPREDNISOLONE 4MG TA,J7509,6.43
TRIMETHOPRIM 100MG TAB,,5.83
OXYMETAZOLINE 0.05% SPR,J3490,20.12
CLONAZEPAM 1MG TAB,,10.2
PREDNISONE 1MG TAB,J7512,5.83
AMIODARONE 50MG INJ,J0282,70
CHLORHEXIDINE GLUCON 0.12,J3490,128.92
METHADONE 10MG TAB,S0109,5.83
ACETIC ACID 0.25% SOL,J3490,81.86
BETAMETHASONE DIPROP 0.05,J3490,88.53
CHLORPROMAZINE 10MG TAB,Q0161,5.83
CARVEDILOL 3.125MG TAB,J3490,25.19
VALSARTAN 80MG TAB,,35.67
METHADONE 2MG SOL,J3490,7.92
ATENOLOL 25MG TAB,,9.44
VIT E 400 UNIT CAP,,5.83
FOSFOMYCIN TROMETHAM 3GM,J3490,1574.71
ANASTROZOLE 1MG TAB,,101.52
ENOXAPARIN SYRINGE 100MG,J1650,878.4
MAGNESIUM OXIDE 400MG TAB,,5.83
WARFARIN 1MG TAB,,9.71
LINEZOLID/D5W 600MG/300ML,J2020,1008.45
TOBRAMYCIN/DEXAMETHA SUS,J3490,391
LATANOPROST 0.005% SOL,J3490,723.32
VENLAFAXINE 25MG TAB,,17.74
METROND/NACL PREMIX 5MG I,J3490,181.07
HYDRALAZINE 10MG TAB,,5.83
METRONIDAZOLE 500MG TAB,,9.84
CLOZAPINE 100MG TAB,,37.45
VENLAFAXINE 75MG TAB,,20
HYDRALAZINE 25MG TAB,,6.04
HYDRALAZINE 20MG INJ,J0360,221.32
HYDRALAZINE 50MG TAB,,6.61
DIBUCAINE 1% OIN,J3490,28.17
ATORVASTATIN 20MG TAB,,53.61
GABAPENTIN 400MG CAP,,23.29
VIT C (ASCORBIC ACD) 500M,J3490,3
ACYCLOVIR 500MG INJ,J0133,548.12
LOSARTAN 25MG TAB,,21.78
HALOPERIDOL 1MG TAB,,5.83
LISINOPRIL 20MG TAB,,11.71
VIT B-6 (PYRIDOXINE) 50MG,J3490,5.83
DIVALPROEX NA 125MG TAB,,9.01
OLANZAPINE 5MG TAB,,90.2
HYDROCORTISONE 2.5% CRE,J3490,294.5
CLINDAMYCIN 300MG CAP,,70.26
PRAMIPEXOLE 0.25MG TAB,,16.66
FLUOROMETHOLONE 0.1% SOL,J3490,177.44
THROMBIN TOP 5000 UNIT,J3490,905.92
NAPROXEN 250MG TAB,,3.9
MIRTAZAPINE UD TAB 15MG T,,35.67
CLORAZEPATE 7.5MG TAB,,32.83
ATORVASTATIN 10MG TAB,,37.67
ANAGRELIDE 0.5MG CAP,,76.85
HYDROXYUREA 500MG CAP,,15.6
FILGRASTIM 480MCG INJ,J1442,5593.84
TAMSULOSIN 0.4MG CAP,,26.73
PHENYTOIN CHEW TAB 50MG T,,5.83
SULFASALAZINE 500MG TAB,,14.32
VALPROATE SODIUM 100MG IN,J3490,190.61
DICYCLOMINE 20MG TAB,,5.83
PAMIDRONATE 90MG INJ,J2430,4957.47
SOD BICARB 8.4% VIAL 1MEQ,J3490,30.71
RILUZOLE 50MG TAB,,193.46
FENTANYL CITRATE 50MCG IN,J3010,30.71
ALPRAZOLAM 1MG TAB,,11.96
LEVOTHYROXINE 112MCG TAB,,5.83
VIT A (BETA-CAROTEN) 2500,J3490,5.83
TERBINAFINE 250MG TAB,,137.99
AMMONIUM LACTATE 12% LOT,J3490,215.32
HYDROXYCHLOROQUINE 200MG,J3490,13.85
CEFAZOLIN 500MG INJ,J0690,30.71
CEPHALEXIN 50MG SUS,J3490,153.92
PHENYTOIN (BULK) 25MG SUS,J3490,593.19
CEPHALEXIN 250MG CAP,,6.61
CEPHALEXIN 500MG CAP,,14.54
BENZOCAINE 20% SPR,J3490,342.15
CIPROFLOXACIN 0.3% SOL,J3490,653.6
CEFUROXIME 250MG TAB,,63.52
CLOTRIMAZOLE 10MG LOZ,J3490,23.87
FLECAINIDE 50MG TAB,,25.76
AMPICILLIN,J0290,83.61
NA PHOS(MONO+DIBASIC ENE,J3490,28.17
MINERAL OIL LAX ENEM ENE,J3490,28.17
CLOBETASOL PROPIONAT 0.05,J3490,283.04
DESMOPRESSIN ACETATE 0.1M,J3490,39.68
AMANTADINE 100MG CAP,,11.92
TESTOSTERON CYP VL 200MG,J1071,287.15
PSYLLIUM 6GM PAC,J3490,5.83
ASPIRIN 325MG TAB,,3
SERTRALINE 50MG TAB,,39.68
LEVOTHYROXINE 100MCG TAB,,5.83
TOBRAMYCIN 0.3% SOL,J3490,177.05
PYRIDOSTIGMINE IR 60MG TA,,10.04
MINOCYCLINE 100MG CAP,,40.15
FENTANYL 25MCG/HR PAT,J3490,170.33
VANCOMYCIN 1GM INJ,J3370,90.32
VENLAFAXINE SA 37.5MG CAP,,37.45
VENLAFAXINE XR 75MG CAP,,41.93
LIDOCAINE 2% JELLY 2% JEL,J3490,243.47
THYROID DESICCATED 30MG T,,5.83
URSODIOL 250MG CAP,,29.05
SODIUM HYPOCHLORITE 0.125,J3490,85.01
CARBAMAZEPINE 200MG TAB,,5.83
AMPHOTERICIN B LIPO 50MG,J0289,2316.08
FUROSEMIDE 20MG INJ,J1940,30.71
FUROSEMIDE 20MG TAB,,5.83
FUROSEMIDE 40MG INJ,J1940,30.71
FUROSEMIDE 40MG TAB,,5.83
CALAMINE LOT 120ML,J3490,28.17
PILOCARPINE 5MG TAB,,21.3
THEOPHYLLINE ER 200MG TAB,,7.38
INFLIXIMAB 100MG INJ,J1745,8146.5
OXCARBAZEPINE 150MG TAB,,17.86
NICOTINE 7MG PAT,J3490,74.14
NICOTINE 21MG PAT,J3490,78.16
TRIAMCINOLONE 0.1% 0.1% O,J3490,42.52
FOLIC ACID 5MG INJ,J3490,262.64
FOLIC ACID 1MG TAB,,5.83
POT CHL POWDER PKT 20MEQ,J3490,5.78
VIT B-1 (THIAMINE) 100MG,J3411,81.25
CARVEDILOL 25MG TAB,,25.29
VANCOMYCIN 500MG INJ,J3370,102.46
ISONIAZID (INH) 300MG TAB,,5.83
CEFAZOLIN 1GM INJ,J0690,34.02
DILTIAZEM IR 30MG TAB,,5.83
SUCRALFATE 1GM TAB,,9.13
SILVER SULFADIAZINE 1% CR,J3490,232.42
SILVER SULFADIAZINE 1% CR,J3490,61.99
DILTIAZEM 5MG INJ,J3490,30.71
HALOPERIDOL 5MG TAB,J3490,11.46
ACETAMINOPHEN 325MG CPL,,3
ACETAMINOPHEN 500MG CAP,,5.83
AMIODARONE 200MG TAB,,38.9
DOCUSATE SOD 100MG CAP,,5.83
TRAZODONE 50MG TAB,J3490,5.83
ENALAPRIL 5MG TAB,J3490,12.2
ROPINIROLE 1MG TAB,J3490,22.45
HYDROMORPHONE 4MG TAB,J3490,11.25
MISOPROSTOL 200MCG TAB,S0191,19.04
IMIPENEM & CILASTAT 500MG,J0743,441.54
VIT K (PHYTONADIONE) 10MG,J3430,61.16
TIMOLOL 0.5% SOL,J3490,200.67
TIMOLOL 0.25% SOL,J3490,177.05
PAROXETINE 20MG TAB,J3490,40.39
BENZTROPINE 1MG TAB,J3490,5.83
CARBIDOP/LDOPA 25/100MG,J3490,9.44
CARBIDOP/LEVODOPA IR 10/1,J3490,8.52
CYPROHEPTADINE 4MG TAB,J3490,5.83
MANNITOL 25% 0.25GM INJ,J2150,30.71
AMITRIPTYLINE 10MG TAB,J3490,5.83
INDOMETHACIN 25MG CAP,J3490,5.83
AMITRIPTYLINE 25MG TAB,J3490,5.83
HYDROCHLOROTHIAZIDE 25MG,J3490,5.83
CYCLOBENZAPRINE 10MG TAB,J3490,13.61
DEXAMETHASONE 4MG INJ,J1100,30.71
ANALGESIC BALM CRE,J3490,28.17
ETIDRONATE 200MG TAB,J3490,42.88
MICONAZOLE 2% CRE,J3490,94.44
CITALOPRAM 20MG TAB,J3490,28.93
LIDOCAINE 2% /EPI INJ,J3490,30.71
BUPROPION SR 100MG TAB,J3490,28.72
ENOXAPARIN SYRINGE 60MG I,J1650,526.98
LAMOTRIGINE 25MG TAB,J3490,47.12
LIDOCAINE/PRILOCAINE 2.5/,J3490,109.7
EPINEPHRINE 1:1000 1MG IN,J0171,30.71
DIPHENHYDRAMINE 50MG INJ,J1200,30.71
DIPHENHYDRAMINE 25MG CAP,J3490,5.83
PHENYTOIN 50MG INJ,J1165,46.66
PHENYTOIN NA EXTENDE 100M,J3490,5.83
NTG-NITROGLYCER SUBL 0.4M,J3490,53.83
KETOROLAC 30MG INJ,J1885,59.04
IBUPROFEN 200MG TAB,J3490,3
BUSPIRONE 10MG TAB,J3490,15.96
OXCARBAZEPINE 300MG TAB,J3490,29.44
NIFEDIPINE 10MG CAP,J3490,7.92
PRAZOSIN 1MG CAP,J3490,5.83
HYDROCORTISONE ACET 25MG,J3490,10.25
L-LYSINE 500MG TAB,J3490,5.83
DOXYCYCLINE 100MG CAP,J3490,14.54
RIFAMPIN 600MG INJ,J3490,1141.34
METOLAZONE 5MG TAB,J3490,17.01
PREDNISONE 10MG TAB,J7512,5.83
POVIDONE-IODINE 10% OIN,J3490,28.17
SENNA 8.6MG TAB,J3490,5.83
SENNA/DOCUSATE SOD TAB,J3490,5.83
POLYCARBOPHIL CA TAB,J3490,5.83
DICLOFENAC 50MG TAB,J3490,11.96
POT CHL (1500MG) ER 20MEQ,J3490,7.45
METHOCARBAMOL 500MG TAB,J3490,5.83
LIDOCAINE 2% VISCOUS 2% S,J3490,28.17
CALCITRIOL 0.25MCG CAP,S0169,14.31
METOCLOPRAMIDE 5MG INJ,J2765,30.71
METOCLOPRAMIDE 10MG TAB,J3490,5.83
GLIPIZIDE 5MG TAB,J3490,5.83
HYDROXYZINE HCL 10MG TAB,J3490,7.38
AMPICILLIN NA-SULBAC 3GM,J0295,190.27
CLOTRIMAZOL/BETAMETH CRE,J3490,383.33
LABETALOL 200MG TAB,J3490,12.33
GENTAMICIN 40MG INJ,J1580,30.71
GENTAMICIN 0.3% SOL,J3490,113.58
CLOTRIMAZOLE,J3490,53.12
SPIRONOLACTONE 25MG TAB,J3490,5.83
PROCHLORPERAZINE 5MG INJ,J0780,112.86
PROCHLORPERAZINE MAL 10MG,J3490,10.92
ASPIRIN EC 325MG TAB,J3490,3
VIT B12 (CYANOCOBAL) 1000,J3420,30.71
ATORVASTATIN 40MG TAB,J3490,46.5
LAMOTRIGINE 100MG TAB,J3490,49.83
BETAMETH DIPRO AUG 0.05%,J3490,679.79
GLYCERIN SUP,J3490,10.25
NYSTATIN CREAM 100000 UNT,J3490,32.49
BISMUTH SUBSALICYLAT SUS,J3490,5.83
SIMETHICONE 80MG TAB,J3490,5.83
CALCIUM GLUCONAT 10% 0.46,J0610,30.71
PREDNISONE 20MG TAB,J7512,5.83
GEMFIBROZIL 600MG TAB,J3490,12.33
METHYLPRED NA 40MG INJ,J2920,30.71
METHYLPRED NA SUCC 62.5MG,J2930,46.16
HEPARIN NA (PORCINE) 1000,J1644,30.71
HYDROCORTISONE 50MG INJ,J1720,30.71
MINOXIDIL 2.5MG TAB,J3490,6.99
HEPARIN NA (PORCINE) 5000,J1644,30.71
IBUPROFEN 600MG TAB,J3490,3
CALCIUM ACETATE 667MG TAB,J3490,6.61
PREDNISONE 5MG TAB,J7512,5.83
BUPIVACAINE 0.25% INJ,J3490,72.71
OLANZAPINE 2.5MG TAB,J3490,76.4
DEX5%/NS KCL 20MEQ 1000ML,J3480,198.18
POTASSIUM ACETATE 2MEQ IN,J3490,30.71
ASPIRIN EC 81MG TAB,J3490,3
ASPIRIN (CHEWABLE) 81MG T,J3490,3
METOPROLOL SUCC XL 50MG T,J3490,11.13
HYDROXYZINE HCL 25MG TAB,J3490,10.78
MECLIZINE 25MG TAB,J8597,5.83
CLINDAMYCIN 150MG CAP,J3490,13.61
BUTALB/APAP/CAFF TAB,J3490,7.58
FENTANYL 75MCG/HR PAT,J3490,475.36
MELOXICAM 7.5MG TAB,J3490,38.51
COLCHICINE 0.6MG TAB,J3490,68.71
SRF/SHARK LIVER/MERC SUP,J3490,10.25
METOPROLOL TARTRATE 50MG,J3490,6.76
TOBRAMYCIN 40MG INJ,J3260,73.7
PROMETHAZINE 25MG TAB,Q0169,6.04
PROMETHAZINE 25MG SUP,J3490,59.3
PROMETHAZINE 25MG INJ,J2550,30.71
DESMOPRESSIN ACETATE 0.01,J3490,1691.66
MODAFINIL 200MG TAB,J3490,70.49
COLISTIMETHATE 150MG INJ,J0770,673.15
BROMOCRIPTINE 2.5MG TAB,J3490,25.76
PHENOL/SODIUM PHENOL SPR,J3490,28.49
DANTROLENE 25MG TAB,,13.94
DIATRIZOATE MEG/SOD 37% S,Q9963,761.33
LEVETIRACETAM 500MG TAB,J3490,41.46
NITROFURANT MACROCRY 50MG,J3490,12.88
NICOTINE 14MG PAT,J3490,74.25
LIDOCAINE 2% LOCAL 20MG I,J2001,30.71
BUPROPION IR 75MG TAB,J3490,18.08
METOPROLOL TARTRATE 1MG I,J3490,54.08
DIVALPROEX NA 250MG TAB,J3490,17.49
BUPROPION IR 100MG TAB,J3490,24.1
PIPERACILLIN/TAZ 3.375GM,J2543,270.46
OCTREOTIDE 0.1MG INJ,J2354,228.38
LITHIUM CITRATE-BULK 1.6M,J3490,51.62
BUSPIRONE 5MG TAB,J3490,9.13
LORAZEPAM 0.5MG TAB,J3490,8.3
NORTRIPTYLINE 25MG CAP,J3490,9.44
NAFCILLIN SODIUM 2GM INJ,S0032,216.48
THEOPHYLLI 8MG/15ML 5.334,J3490,5.83
HYOSCYAMINE 0.125MG TAB,J3490,5.83
ERYTHROMYCIN (BASE) OIN,J3490,66.33
SPS-NA POLYSTYR SULF 0.25,J3490,74.99
DEXAMETHASONE 4MG TAB,J8540,7.38
SWFI SDV 1ML INJ,J3490,30.71
CEFTAZIDIME 1GM INJ,J0713,167.99
CALCIUM (ELEMENTAL) 500MG,J3490,5.83
MAGNESIUM CITRATE SOL,J3490,13.85
EPINEPHRINE HCL 0.1MG INJ,J0171,30.71
HYDROCORTISONE 1% CRE,J3490,42.52
MINERAL OIL/PETROLAT CRE,J3490,48.54
DONEPEZIL 10MG TAB,J3490,63.99
SOD CHL/ALOE VERA GEL,J3490,29.74
OLANZAPINE ZYDIS 5MG TAB,J3490,104.58
SOD CHL NASAL SPRAY 0.65%,J3490,24.79
VALGANCICLOVIR 450MG TAB,J3490,409.54
ENOXAPARIN SYRINGE 120MG,J1650,1054.36
DARBEPOIETIN ALFA 40MCG,J0881,2623.63
POLYETHYLENE GLYCOL POW,J3490,32.93
DOCUSATE SOD ENEMA 283MG,J3490,26.45
DARBEPOIETIN ALFA 60MCG,J0881,3935.17
BACITRACIN 500U/GM SKI,J3490,69.42
FAMOTIDINE 20MG TAB,J3490,8.65
CALCIUM ACETATE 667MG CAP,J3490,9.32
PRAVASTATIN 40MG TAB,J3490,60.43
VIT B12 (CYANOCOBAL) 1000,J3490,5.83
METHENAMINE MANDELAT 1GM,J3490,6.29
VIT A +C +E +MINERAL TAB,J3490,5.83
POTASSIUM PHOSPHATE 3MM I,J3490,30.71
ACYCLOVIR 400MG TAB,J3490,22.32
ERTAPENEM 1GM INJ,J1335,694.55
CEFOXITIN 2GM VL,J0694,281.77
GUAR GUN POW,J3490,6.5
OLANZAPINE 10MG TAB,J3490,113.78
FLUOXETINE 10MG CAP,J3490,30.71
ISOSORBIDE MONONIT 30MG T,J3490,15.74
GABAPENTIN 600MG TAB,J3490,25.76
TRIAMCINOLONE ACE 0.1% CR,J3490,310.99
ESTRADIOL TDBW 0.0375MG P,J3490,69.79
ZIPRASIDONE 40MG CAP,J3490,60.58
SERTRALINE 20MG CON,J3490,843.86
SOD BICARB 8.4% SYG,J3490,48.54
MAFENIDE CRE,J3490,535.23
RITONAVIR 80MG SOL,J3490,10629.72
HYDROCODONE/APAP 10/325MG,J3490,8.3
TPN: 3 IN 1 BAG 2000 1,J3490,3281.19
TPN: 3 IN 1 BAG 3000,J3490,4248.48
DARBEPOIETIN 25MCG VL,J0881,1639.75
DARBEPOETIN 100MCG VL,J0881,6558.74
HEPARIN NA (PORCINE) 1000,J1644,30.71
PRAMIPEXOLE 1MG TAB,J3490,26.38
MOXIFLOXACIN 400MG TAB,J3490,115.71
VIT D 400 UNIT TAB,J3490,5.83
ANAGRELIDE 1MG CAP,J3490,146.5
MELATONIN 3MG TAB,J3490,5.83
ZIPRASIDONE 20MG INJ,J3486,516.35
ARIPIPRAZOLE 15MG TAB,J3490,142
NORETHINDRONE 5MG TAB,J3490,17.97
GLUCOSAMINE SULFATE 500MG,J3490,5.83
MIDAZOLAM INJ 5MG/ML 10ML,J2250,113.75
VECURONIUM 10MG INJ,J3490,30.71
TRIAMCINOLONE 0.5% CRE,J3490,68.5
VORICONAZOLE 200MG TAB,J3490,434.8
SULFAMET/TRIMETHOPRI 40MG,J3490,19.77
PHENOBARBITAL 65MG INJ,J2560,30.71
EZETIMIBE 10MG TAB,J3490,35.57
ISOSORBD DINITRAT IR 20MG,J3490,5.83
DILTIAZEM HCL ER 240MG CA,J3490,30.23
HYDROCODONE/APAP 5/325MG,J3490,6.39
GUAIFENEISIN SA 600MG TAB,J3490,5.83
KETAMINE HCL 50MG INJ,J3490,91.26
MINERAL OIL/PET/HYDR OIN,J3490,60.92
PANCRELIPASE USP 60/16/60,J3490,9.38
SOD CHL 0.9% IRR 3000ML,J3490,81.85
ESCITALOPRAM 20MG TAB,J3490,27.99
VIT B-3 500MG TAB,J3490,5.83
PANTOPRAZOLE 20MG TAB,J3490,53.75
MYCOPHENOLATE MOFETI 200M,J7517,5092.18
SOD THIOSULFATE 250MG INJ,J3490,328.52
POTASSIUM ACID PHOSP 500M,J3490,5.83
DIPHENHYDRAMINE 2.5MG SOL,J3490,5.83
TUBERCULIN INDIV TES INJ,J3490,81.54
LEVOFLOXACIN 750MG TAB,J3490,144.97
TOBRAMYCIN 40MG INJ,J3260,457.34
SOD CHL 0.9% KCL20 1000ML,J3480,198.18
OXYCODONE/APAP 10/325MG T,J3490,21.4
PHENYLEPHRINE HCI 1% 10MG,J2370,36.96
LIDOCAINE 2.5% OIN,J3490,190.16
TRIAMCINOLONE 0.1% CRE,J3490,41.93
AA/DEX 4.25/5% INJ 2000ML,J3490,1825.96
FONDAPARINUX 2.5MG INJ,J1652,682.88
LEVOFLOXACIN 750MG 5MG IN,J1956,719.34
MOXIFLOXACIN OPTH 0.5% SO,J3490,575.39
CYCLOSPORINE OPTH 0.05% S,J3490,42.97
SOD CHL 0.45%KCL20 1000ML,J3480,153.47
BETHANECHOL 10MG TAB,J3490,15.84
ZRT-BUDESONIDE RESP,J7626,64.95
ZRT-ALBUTEROL SOL 2.5MG,J3490,25.86
ZRT-LEVALBUTEROL HCL 1.25,J7614,47.12
ZRT-IPRATRO/ALBUT 0.5/3MG,J7620,11.39
ZRT-BUDESONIDE RESP,J7626,74.25
ZRT-ACETYLCYSTEINE 200MG,J7608,77.46
ZRT LEVALBUTEROL HCL .63M,J7614,52.43
ZRT-LIDOCAINE HCL 1% INJ,J3490,30.71
ROSUVASTATIN CALCIUM 40MG,J3490,36.61
TERIPARATIDE INJ 750MCG,J3110,8353.32
DAPTOMYCIN 500MG INJ,J0878,4040.79
MINERAL OIL 30ML LIQ,J3490,6.89
ZRT-IPRATROP 0.025% 0.2MG,J7644,15.6
DIPHENHYDRAMINE ELIX 2.5M,J3490,5.83
MUPIROCIN 2% OIN,J3490,529.33
BIOTENE MOUTHWASH 1ML LIQ,A9155,46.89
TRETINOIN 10MG CAP,J3490,244.18
HYDROMORPHONE HCL 1MG INJ,J1170,30.71
MEMANTINE HCL 5MG TAB,J3490,30.47
MEMANTINE 10MG TAB,J3490,30.47
ROSUVASTATIN CALCIUM 10MG,J3490,36.61
LIDOCAINE HCL (MPF) 1% IN,J2001,38.15
HEPARIN SOD PORCINE 1000U,J1644,30.71
DARBEPOETIN 25MCG INJ,J0881,1639.75
DARBEPOETIN 200MCG INJ,J0881,6562.99
DARBEPOETIN 100MCG INJ,J0881,6558.74
DARBEPOETIN 60MCG INJ,J0881,3935.17
DARBEPOETIN 40MCG INJ,J0881,2623.63
DOCOSAHEXANOIC/EPA 1000MG,J3490,5.83
CLOTRIMAZOLE 1% CRE,J3490,101.28
NIACINAMIDE (VIT B3) 500M,J3490,5.83
SUMATRIPTAN SUCCINAT 50MG,J3490,210.8
BENZOCAINE 20% GEL,J3490,49.25
ZRT-ACETYLCYSTE 10% 100MG,J7608,60.24
FERROUS SULFATE 325MG TAB,J3490,5.83
VANCOMYCIN OPTH 50MG SOL,J7999,1390.87
ZRT-RACEPINEPHRINE 2.25%,J3490,14.8
CINACALCET HCL 30MG TAB,J3490,125.5
CATHFLO ACTIV 1MG INJ,J2997,957.25
AMANTADINE HCL U/D 10MG L,J3490,25.86
OLANZAPINE SDV 5MG INJ,J3490,321.63
MIDODRINE HCL 10MG TAB,J3490,72.71
VALSARTAN 160MG TAB,J3490,24.1
ASA/APAP/CAFFIENE 1 TAB,J3490,5.83
METOPROLOL TARTRATE 25MG,J3490,5.83
DIPHENHYDRAMINE/ZINC CRE,J3490,40.39
LIDOCAINE HCL 2% PF 20MG,J2001,30.71
ZRT-TOBRAMYCIN/NACL 60MG,J3260,755.44
METAXALONE 800MG TAB,J3490,34.25
SOD POLYSTYRENE SULF 15GM,J3490,38.97
ZRT-TIOTROPIUM BR 18MCG H,J3490,148.71
VANCOMYCIN INJ ORAL 50MG,J3490,71.55
HYDROMORPHONE HCL 2MG INJ,J1170,125.5
DEX 5% 0.45NS INJ 500ML,J3480,117.34
TESTOSTERONE 1% GEL,J3490,86.63
LABETALOL HCL C/J 5MG INJ,J3490,56.44
EPINEPHRINE 1:1000 SOL,J0171,66.48
DULOXETINE HCL 30MG CAP,J3490,44.76
DEOXYRIBONUCLEASE 2.5MG,J7639,534.53
TROSPIUM CHLORIDE 20MG TA,J3490,28.15
VIT MULTIVITAMINS 1 LIQ,J3490,5.83
DULOXETINE HCL 60MG CAP,J3490,49.76
ARIPIPRAZOLE 5MG TAB,J3490,142
FLUOCINONIDE 0.05% OIN,J3490,584.07
TOPIRAMATE 50MG TAB,J3490,43.22
ENOXAPARIN SYRINGE 150MG,J1650,1317.8
PIPERACILLIN/TAZOBAC 2.25,J2543,159.96
FAT EMULSION 20% SUS,J3490,420.28
DARBEPOETIN ALFA 150MCG,J0881,4922.24
ESZOPICLONE 1MG TAB,J3490,43.7
ESZOPICLONE 2MG TAB,J3490,43.7
MESALAMINE SA 500MG CAP,J3490,17.36
METHYL SAL/MENTHOL OIN,J3490,46.75
SACCHAROMYCES BOULAR 250M,J3490,6.89
ZRT-LIDOCAINE HCL 2% INJ,J2001,147.55
DARIFENACIN HYDROBRO 7.5M,J3490,43.11
FLUCONAZOLE/SAL 2MG INJ,J1450,1227.77
FLUCONAZOLE/NSS 2MG INJ,J1450,1993.91
FENTANYL 12MCG/HR PAT,J3490,162.99
AMPICILLIN 500MG INJ,J0290,57.64
TIGECYCLINE 50MG INJ,J3243,928.86
AA/DEX 5%/15% E 2000ML,J3490,1870.59
PREGABALIN 75MG CAP,J3490,28.34
PREGABALIN 100MG CAP,J3490,28.34
SILDENAFIL 20MG TAB,J3490,131.63
FENTANYL PCA 50MCG INJ,J3010,189.57
PREGABALIN 50MG CAP,J3490,24.33
BIOTENE DRY MTH LIQ 1 LIQ,A9155,46.89
FENTANYL CITRATE PF 50MCG,J3010,162.29
CEFTRIAXONE,J0696,224
PREGABALIN 25MG CAP,J3490,24.33
METRONIDAZOLE 0.75% CRE,J3490,830.51
AA/DEX 4.25%/5% E 1000ML,J3490,606.48
VIT MUTLIVITAMINS INJ,J3490,114.28
POT CHL 10MEQ/100ML 0.1ME,J3480,172.68
OXYBUTYNIN 5MG TAB,J3490,7.38
SOD CHL MINIBAG+ INJ 50ML,J7030,81.85
SOD CHL MINIBAG+ 100ML,J7030,96.96
DIVALPROEX NA ER 500MG TA,J3490,28.79
DOPAMINE 400MG/D5W 1.6MG,J1265,334.97
DESMOPRESSIN ACETATE 4MCG,J2597,350.64
DIPHENOXYLAT/ATROPIN 2.5/,J3490,5.83
FILGRASTIM 300MCG INJ,J1442,2808.8
HEPARIN 25000 U /D5W 50UN,J1644,117.34
ALENDRONATE 70MG TAB,J3490,242.02
LIDOCAINE 5% TOPICAL 5% P,J3490,74.04
GLUCOSE 40% GEL,J3490,41.09
NEOMYC/POLYMX/BACITR 0.9G,J3490,28.17
DEX 10% INJ 500ML,J3490,125.5
LIOTHYRONINE 25MCG TAB,J3490,7.92
NALTREXONE 50MG TAB,J3490,59.97
VASOPRESSIN 20 UNITS INJ,J3490,63.78
SOD CHL 0.9% INJ 50ML,J7030,81.85
SOD CHL 0.9% INJ 1000ML,J7030,85.68
SOD CHL 0.9% INJ 500ML,J7040,107.56
SOD CHL 0.9% INJ 100ML,J7030,89.53
SOD CHL 0.9% INJ 250ML,J7050,107.56
SOD CHL 0.45% INJ 1000ML,J3490,128.45
SOD CHL 3% INJ 500ML,J7131,127.16
DEX 5% 0.45NS INJ 1000ML,J3480,139.43
DEX5% 0.45NS KCL20 1000ML,J3480,198.18
FENTANYL 50MCG/HR PAT,J3490,311.54
DEX 5% MINIBAG INJ 50ML,J7060,114.18
DEX 5% MINIBAG INJ 100ML,J7060,114.18
DEX 5% INJ 1000ML,J7070,81.86
DEX 5% INJ 500ML,J7060,109.18
DEX 5% INJ 250ML,J7060,109.18
DEX 5% 0.9% NS INJ 1000ML,J7042,139.43
FERROUS SULFATE 60MG LIQ,J3490,5.83
GUAIFENESIN/CODEINE LIQ,J3490,5.83
VALPROIC ACID 50MG SYR,J3490,22.93
LACTATED RINGERS 1000ML,J7120,81.86
LIDOCAINE VISCOUS 2% SOL,J3490,70.73
CHERRY SYRUP LIQ,J3490,6.76
MODAFINIL 100MG TAB,J3490,51
CLOTRIMAZOL/BETAMETH LOT,J3490,794.87
DILTIAZEM 5MG INJ,J3490,132.82
ZIPRASIDONE 20MG CAP,J3490,60.58
FAMOTIDINE 10MG INJ,J3490,30.71
ACETAMINOPHEN 650MG SUP,J3490,10.25
ACETAZOLAMIDE 250MG TAB,J3490,5.83
ALLOPURINOL 100MG TAB,J3490,5.83
ATROPINE PF SYRINGE 0.1MG,J0461,59.04
CALCIUM CL 10% PFS 100MG,J3490,44.31
BACLOFEN 10MG TAB,J3490,5.83
BACLOFEN 20MG TAB,J3490,10.18
SOD CHL BACTER 0.9% 10ML,J3490,30.71
SOD CHL BACTER 0.9% 30ML,J3490,30.71
BENZONATATE 100MG CAP,J3490,8.62
CALCIUM CARBONATE 500MG T,J3490,5.83
CALCIUM CARB/VIT D TAB,J3490,5.83
PANTOPRAZOLE 40MG INJ,S0164,177.15
LEFLUNOMIDE 10MG TAB,J3490,215.41
NTG-NITROGLYCER OINT 2% O,J3490,28.17
ALBUMIN (HUMAN) 25% 0.25G,P9047,1287.22
NALOXONE 0.4MG INJ,J2310,30.71
ATOVAQUONE 150MG SUS,J3490,217.18
INSULIN GLARGINE 100 UNIT,J1815,887.63
IRBESARTAN 300MG TAB,J3490,25.05
VIT MUTLIVITAMINS INJ,J3490,73.25
LISINOPRIL 10MG TAB,J3490,10.99
HALOPERIDOL LACTATE 5MG I,J1630,116.85
CELECOXIB 100MG CAP,J3490,23.53
LISINOPRIL 5MG TAB,J3490,10.78
VIT C (ASCORBAT SOD) 500M,J3490,30.71
CLINDAMYCIN PO4 150MG INJ,J3490,134.32
MORPHINE 10MG INJ,J2270,30.71
LORAZEPAM 2MG INJ,J2060,30.71
ZONISAMIDE 100MG CAP,J3490,25.65
PROPRANOLOL 40MG TAB,J3490,5.83
LEVETIRACETAM 250MG TAB,J3490,25.86
VIT MULTIVIT CHEW TAB,J3490,5.83
ALBUMIN (HUMAN) 25% 0.25G,P9047,2696.4
CEFEPIME 2GM INJ,J0692,499.25
LINEZOLID 600MG TAB,J3490,798.31
OXYCODONE/APAP UD 5/325MG,J3490,16.59
IRON SUCROSE CMPLX 100MG,J1756,811.39
CEFDINIR 300MG CAP,J3490,59.5
TOBRAMYCIN 40MG INJ,J3260,85.97
PEPPERMINT OIL OIL,J3490,76.65
SILVER NITRATE APPLI APP,J3490,28.17
ASPIRIN 300MG SUP,J3490,10.25
DESIPRAMINE 10MG TAB,J3490,5.83
MYCOPHENOLATE 500MG TAB,J7517,76.4
FENOFIBRATE 160MG TAB,J3490,84.23
DEX 50% SYR 0.5GM/ML 50ML,J3490,48.91
TRIAMCINOLONE 0.1% 0.1% C,J3490,77.32
ACETAMINOPHEN UD ELX 32.0,J3490,8.05
BACITRACIN ONT UD PK 500U,J3490,28.17
GUAIFENESIN 20MG/ML LIQ,J3490,5.83
VIT B COMP + C+ D +A TAB,J3490,5.83
METOPROLOL SUCC XL 25MG T,J3490,11.13
TACROLIMUS 0.5MG CAP,J7507,24.22
PHENAZOPYRIDINE 100MG TAB,J3490,5.83
SWFI SDV 1ML INJ,J3490,30.71
PANTOPRAZOLE UD TAB 40MG,J3490,53.75
IBANDRONATE SODIUMTAB 150,J3490,994.67
FLUCONAZOLETAB 100MG,J3490,103.89
FONDAPARINUXINJ 7.5MG,J1652,1322.15
SOLIFENACIN SUCCINATTAB 5,J3490,43.47
FLUCONAZOLE (GENERICTAB 2,J3490,160.69
LIDOCA 1%/EPINEPHRININJ 1,J3490,30.71
LUBIPROSTONE CAP 24MCG,J3490,42.65
FINASTERIDETAB 1MG,S0138,26.82
FLUOCINONIDEGEL 0.05%,J3490,248
DORZOLAMIDESOL 2%,J3490,759.24
VIT B COMP/C/FA RX TAB,J3490,6.43
LEVETIRACETAM INJ 100MG,J1953,442.6
KETOTIFEN FUMARATE OPH .0,J3490,765.48
SOTALOL AF TAB 80MG,J3490,30.24
ONANSETRON SDU INJ 2MG 2M,J2405,44.31
MORPHINE 10MG .5ML SOL,J3490,22.22
RASAGILINE TAB,J3490,105.66
SITAGLIPTIN PHOSPHAT TAB,J3490,71.8
OXYCODONE IR TAB 5MG,J3490,3
SIMUASTATIN TAB 40MG,J3490,58.1
FERROUS FUMARATE TAB 325M,J3490,5.83
ONDANSETRON TAB 4MG,J3490,278.91
CLIPROFLOXACIN IV 2MG 200,J0744,60.14
LABETALOL TAB 100MG,J3490,5.83
SODIUM CHLORIDE TAB 1GM,J3490,5.83
AMPICILLIN SODIUM INJ 2GM,J0290,166.89
SIMVASTATIN TAB 20MG,J3490,58.1
AMOXICILLIN/CLAVULAN 875M,J3490,59.65
TERAZOSIN HCL CAP 1MG,J3490,19.04
VINEGAR+WATER 180ML,J3490,28.17
VERAPAMIL ER TAB 120MG,J3490,11.13
CIPROFLOXACIN HCL TAB 500,J3490,63.52
OXYCODONE CON SOL 20MG 1M,J3490,26.82
FLUOXETINE HCL CAP 20MG,J3490,31.31
PET/MIN OIL/NACL 3.5GM,J3490,76.65
FLUTICASONE SPR 0.05% 16G,J3490,888.34
PROPOFOL VIAL INJ 10MG 10,J2704,784.01
MORPHINE SR,J0670,57.87
MINERAL OIL/PET/HYDR 454G,J3490,124.55
AMLODIPINE TAB 5MG,J3490,20.44
CEFTRIAXONE INJ 2GM,J0696,433.02
ZOLPIDEM TAB 5MG,J3490,54.55
ZOLPIDEM TAB 10MG,J3490,54.55
CALCITRIOL ORAL SOL 1MCG,J0636,2112.51
PHENOBARBITAL TAB 32.4MG,J3490,5.83
RIBAVIRIN CAP 200MG,J3490,117.2
LIDOCAINE 2% EPI SDV INJ,J3490,90.81
SELEGILINE 6MG PATCH,J3490,201.97
SOLIFENACIN SUCCINAT 10MG,J3490,47.57
AA/DEX 5%/15% SOL 2000ML,J3490,1862.57
ROTIGOTINE PAT 2MG,J3490,33.19
MAG SULFATE INJ 2GM 50ML,J3475,91.26
MAG SULF 1GM/100ML INJ,J3475,83.11
PERMETHRIN 1% LOTION 30ML,J3490,48.41
ZRT-ARFORMOTEROL TAR 15MC,J7605,68.01
HAEMOPH B POLYSAC INJ,90648,319.14
MENINGOC VAC A C Y W INJ,90734,1317.09
ANIDULAFUNGIN INJ 100MG,J0348,2655.4
MAGIC MOUTH WASH,J3490,20.21
BUPIVICAIN+EPI 0.25% INJ,J0171,31.64
BUPIVICAIN+ EPI 0.25% 30M,J0171,34.25
AMYLASE/LIPASE/PROTE TAB,J3490,7.13
PREGABALIN CAP 150MCG,J3490,28.34
PREGABALIN CAP 300MG,J3490,25.86
LEVOFLOX/D5W INJ 5MG 150M,J1956,715.1
ZRT-LIDOCAINE HCL INJ 1%,J2001,30.71
DAPSONE TAB 25MG,J3490,5.83
LIDOCAINE 1% PF AMP 1% 2M,J2001,9.25
AA/DEX 5/20%-E INJ 2000ML,J3490,1855.82
PHOSPHORUS TAB 250MG,J3490,5.83
VANCOMYCIN ORAL 50MG 10ML,J3490,35.83
CALCTNN SLM 30DS NS 3.7ML,J3490,999.31
DEXMED HCL VL 100MCG/ML 2,J3490,930.96
MORPHINE INJ 4MG/ML,J2270,30.71
BUDES/FORMTR MDI 80/4.5,J3490,1393.39
BUDES/FORMTR MDI 160/4.5,J3490,1602.88
ESZOPICLONE TAB 3 MG,J3490,62.37
ZRT-FORMETEROL SOL 20MCG,J7606,68.65
POT PHOSPHATE INJ 4.4MEQ,J3490,30.71
PHENYLEPH HCI 1% INJ 10MG,J2370,67.8
TERAZOSIN CAP 5MG,J3490,19.04
METHYLNLTRX VL 20MG 0.6ML,J2212,590.47
DICLOFENAC GEL 1%,J3490,326.31
LUBIPROSTONE CAP 8MCG,J3490,46.8
CHLORHX GLUC LQ .12% 15ML,J3490,5.83
TPN: 2000ML - LPGH,J3490,3281.19
TPN: 4000ML - LPGH,J3490,5426.2
SEVELAMER CARB TAB 800MG,J3490,25.16
VIT D TAB 1000 UNIT,J3490,5.83
FAT EMULSN 10% BTL 1KCAL,J3490,192.73
TRACE METALS MDV INJ 10ML,J3490,62.72
UBIDECARENONE CAP 100MG,J3490,5.83
TOBRAMYCN/DEXAMTH SUS 5ML,J3490,950.53
WARFARIN TAB 1MG,J3490,5.83
WARFARIN TAB 2.5MG,J3490,6.25
WARFARIN TAB 2MG,J3490,6.04
WARFARIN TAB 3MG,J3490,6.25
WARFARIN TAB 4MG,J3490,6.25
WARFARIN TAB 5MG,J3490,6.5
WARFARIN TAB 10MG,J3490,8.99
WARFARIN TAB 6MG,J3490,8.4
WARFARIN TAB 7.5MG,J3490,8.72
LACOSAMIDE TAB 100MG,J3490,78.66
LACOSAMD SDV 10MG/ML 20ML,J3490,496.01
LACOSAMIDE TAB 200MG,J3490,91.44
LACOSAMIDE TAB 50MG,J3490,50.33
LACOSAMIDE TAB 150MG,J3490,87.88
DRONEDARONE TAB 400MG,J3490,51.01
VIT K TAB 100MCG,J3490,5.83
PHENYLEPH/MO/SHLVO 30GM,,46.07
OXYCODONE IR TAB 15MG,J3490,8.72
ZRT-SODIUM CHL 7% AMP 4ML,J3490,14.53
AA/DEX 5/20% INJ 2000ML,J3490,532.59
FENTNYL CIT 50MCG/ML 50ML,J3010,78.08
TRIAMTRN/HCTZ 37.5/25 CAP,J3490,5.83
FLUCONAZ/SALN 2MG/ML 50ML,J1450,141.73
FEXOFENADINE TAB 60MG,J3490,16.56
OMEPRAZOLE SUSP 2MG/ML,,13.11
ATAZANAVIR SULF CAP 300MG,J3490,424.14
LANTHANUM CHW 1000MG,J3490,88.47
IOHEXOL BTL 300MG-ML,J3490,1286.88
PROTAMINE  SULF INJ 10 MG,J2720,306.15
VALGANCICLOVIR SOL 50 MG/,J1570,7662.28
RIBOFLAVIN TAB 100MG,J3490,5.83
CYCLOBENZAPRINE TAB 5MG/E,J3490,19.36
SEVELAMER CARBONATE 2.4GM,J3490,82.2
IBUPROFEN UD LIQ 20MG,J3490,5.35
CLOBETASOL PROPIONATE CRE,J3490,728.53
RIFAXIMIN TAB 550MG EA,J3490,264.58
TAPENTADOL HCL TAB 50MG E,J3490,25.67
CRANBERRY EXTRACT CAP 200,J3490,5.83
GI COCKTAIL SUS 1ML 180ML,J3490,254.65
MEGESTROL SUSP UD 40MG,J3490,114.95
SELENIUM SULF 2.5% 120ML,J3490,233.89
LAAC PA STR BIF CAP 230MG,J3490,10.4
OMEPRAZOLE SUSP 60ML,J3490,190.61
AA/DEX 5%/15%,J3490,298.38
AMYLASE/ LIPASE/ PROTEASE,J3490,12.16
AA/DEX 5%/15%-E,J3490,302.39
GANCICLOVIR 0.15% GEL,J3490,1984.34
DABIGATRAN 150MG CAP,J3490,47.84
DABIGATRAN 75MG CAP,J3490,47.84
CEFTAROLINE FOS 600MG,J0712,581.13
AMYLASE/LIPASE/PROTE CAP,J3490,42.04
SEVELAMER PWD 0.8GM PCKT,,90
SOD BICARB+SOD CL SIN RNS,J7999,28.34
ZRT-ALBUTEROL HFA 60 DOSE,J3490,225.36
ACETYLCYSTEINE 600 MG CAP,J3490,5.83
LEVETIRACETAM SOL 500MG,J3490,42.98
TAPENTADOL HCL 100MG TAB,J3490,42.65
AMYLASE/LIP/PROT 10000UN,J3490,20.33
CEFTAROLINIE 400MG IV,J0712,581.13
LURASIDONE 80 MG TAB,J3490,198.44
MULTIVIT/FE/MIN LIQ 15ML,J3490,5.83
LIDOCAINE 4% 5ML INJ,J2001,45.59
LACOSAMIDE 100MG/10ML SOL,J3490,100.88
MESALAMINE DR 1200MG TAB,J3490,77.48
MENTHOL/PHENOL LOZ,J3490,5.83
AA/DEX 5/20 1L,J3490,298.37
HEP 25000U/500ML0.45%NACL,J1644,72.4
VIT D 8000 UNITS/ML 6.3ML,J3490,124.24
TICAGRELOR 90 MG TAB,J3490,42.76
ALBUMIN 25% 50ML,P9047,425.2
PALIPERIDONE 156MG INJ,J2426,7429.91
SODIUM CHLOR 3% INH 4ML,A4218,14.32
ARGATROBAN 50MG INJ,J0883,3292.62
DEXTROMETH-QUINIDINE CAPS,J3490,266.59
LEVOTHYROXINE 100MCG INJ,J3490,688.62
FIDAXOMICIN 200MG TAB,J3490,1984.34
TAPENTADOL 50 MG ER TAB,J3490,34.47
LANSOPRAZOLE 30MG SUSP,J3490,51.36
HEMORRHOIDAL OINT 60GM,J3490,49.7
ANTICOAG SOD CIT 4% 3ML,J3490,30.71
OMEPRAZOLE SUSP 40MG,J3490,26.23
RIVAROXABAN 20MG TAB,J3490,103.3
MAGNESIUM 4GM/100ML,J3475,94.55
CEFAZOLIN 2GM/D5W IVPB,J0694,443.61
RIVAROXABAN 15MG TAB,J3490,103.3
ZINC SULFATE 25MG SDPF,J3490,56.54
PALIPERIDONE 234MG PFS,J2426,10138.92
LITHIUM CITR 8MEQ/5ML UD,J3490,10.19
AMIODARONE 360MG/200ML IV,J0282,616.67
CYCLOSPORINE(MOD)100MG/ML,J7502,69.77
BUPRENORPHINE 10MCG/HRTDS,J3490,669.33
LINAGLIPTIN 5MG TAB,,87.13
PNEUMOCOCCAL 13VAL 0.5ML,90670,1567.87
BUPIVACAINE 0.25% 10ML,J3490,30.71
LIDOCAINE 4% INH,J3490,43.57
IMMUNE GLOB  10GM/100ML,J1459,7279.4
ETOMIDATE 20MG INJ,J3490,93.97
INSULIN ASPART 1 UNIT,J1815,1.89
INSULIN NPH 1 UNIT,J1815,1.48
INSULIN REGULAR 1 UNIT,J1815,1.48
INSULIN 70/30 NPH/REG,J1815,1.48
APIXABAN 5MG TAB,J3490,62.33
ALBUTEROL HFA 90MCG INHAL,J3490,566.62
DEXMEDETOMIDINE 400MCG,C9399,1871.24
APIXABAN 2.5MG TAB,J3490,62.33
LINACLOTIDE 290MCG CAP,J3490,100.57
CLINIMIX E 5/20 1000ML,J3490,506.88
INSULIN DETEMIR,J1815,1.48
BUPRENORPHINE TDS 20MCG/H,J3490,1381.72
MIRABEGRON 25MG ER TAB,,98.45
MOISTURE RELIEF CRM 90GM,,119
AMPHETAMINE MIX 10MG TAB,J3490,20.19
GLUCOSAM/CHOND 250/200MG,J3490,2.15
BIOTENE ORAL BAL 1.5OZGEL,J3490,71.2
DOLUTEGRAVIR 50MG TAB,J3490,555.05
MESALAMINE 800MG DR CPLT,,64.94
TESTOSTERONE 1.62% 2.5GM,J3490,161.25
IOPAMIDOL 76% 100ML,Q9967,1384.78
POSACONAZOLE 100MG DR TAB,J3490,704.49
TBO-FILGRASTIM 300MCG,J1447,3385.54
TBO-FILGRASTIM 480MCG,J1447,5418.29
IOPAMIDOL 61%100ML,Q9967,1247.73
GASTROGRAFIN 66-10% 30ML,Q9963,311.28
FLUTICAS/VILANT100/25 MCG,J3490,1399.54
TACROLIMUS 0.5MG/ML,J3490,52.66
MIRABEGRON 50MG TABS,J3490,98.45
GLATIRAMER 40MG/ML PFS,J1595,5478.71
VECURONIUM 20MG INJ,J3490,250.84
HYDROMORPHONE 1MG SOL,J3490,4.17
CEFTOLOZANE/TAZOBCTM 1.5G,J0695,989.26
AMYLASE/LIP/PROT DR 5000U,J3490,15.73
LIDOCAINE 5% OINT 50GM,J3490,4540.21
BENZOCAIINE 20% PASTE 12G,J3490,59.23
IMMUNE GLOBULIN 10% 20GM,J1459,18593.24
CEFTAZIDIM/AVIBACTM 2.5GM,J0714,4076.21
ISAVUCONAZONIUM 186MG CAP,J3490,1001.17
VITAMIN D3 50000 UNIT CAP,J3490,21.8
FLUTICA/VILANT 200/25MCG,J3490,1548.36
NALOXEGOL 25MG TAB,,118.95
MENINGOCOCCAL B VAC4-COMP,90620,2297.34
VIOKACE 10 TABS,,42.07
LIDOCAINE 2% NEB 10ML,,43.62
PATIROMER SORB CAL 8.4GM,J3490,425.49
THEOPHYLLINE 400MG ER TAB,J3490,16.21
LIDOCAINE 5% CRM 30GM,,257.44
FLU VACC 2016-7 QUAD,90660,240.52
ISAVUCONAZONIUM 372MG INJ,J1833,3581.81
EMTRICITAB/TENOF 200/25MG,,698.9
POTAS BIC/CITRIC AC 20MEQ,J3490,5.72
UMECLIDINIUM 62.5MCG INH,J3490,981.98
ERYTHROMYCIN OINT 1GM UD,J3490,10.37
LIDOCAINE 1%W/EPI 50ML,J3490,51
A1 PROTEINASE INHB 1165MG,J0256,5968.52
HYDROMORPHONE 0.5MG INJ,J1170,38.61
SCOPALAMINE 1MG/72HRPTCH,J3490,182.77
FLU VACCINE 17-18,90686,249.97
FLU VACC 2017-18 HD,90662,614.91
FLU VAC TRIVALENT 2017-18,90656,241.38
LIDOCAINE 2% CRM 30GM,,67.13
LIDOCAINE 2.55 GEL 118ML,,53.54
TESTOSTERONE1.62%GEL1.25G,,302.53
LIDOCAINE 4% PATCH,,15.42
POT BICARB/CIT ACID 10MEQ,,4.86
LIDOCAI/MENTH3.6/1.25%PAT,,16.51
BISACODYL10MGSUP-MAGICBUL,,8.74
FLU VACC QDV PFS 2018-19,90687,259.92
FLU VAC 18-19QUAD FLUBLOK,90682,682.03
DAPTOMYCIN 350MG INJ,J0878,4035.34
FLU VAC-FLUCELVAX 2018-19,90674,682.03
POT PHOSPH 3MMOL/ML 15ML,J3490,60.7
PHENYLEPHRINE 10MG TABS,,5.98
L-Theanine 100 mg Cap,,2.55
AMOX CLAV 80 MG/ML,J3490,395.09
CATH ASPIRATION NASOTRACH,31720,132
INSERT EMERGENCY AIRWAY,31500,458
TRACHEOSTOMY CARE,94799,84
TRACH TUBE CHANGE,31502,979
POS AIRWAY PRESSURE CPAP,94660,258
TX IPPB SUBSQT,94640,127
CHEST WALL MANIPULAT; INT,94667,197
CHEST WALL MANIPULAT;SUBS,94668,132
TX METERED DOSE INHAL SUB,94640,127
EXHALED CO2 TEST,94770,71
EXTUBATION/DECANULATION,31899,147
BREATHING CAPACITY TEST,94010,490
VITAL CAPACITY TEST,94150,103
BLOOD GASES W/02 SATURATI,82805,650
ARTERIAL BLOOD PUNCTURE,36600,84
AIRWAY INHALATION TREATME,94640,171
EMERGENCY CPR,92950,232
BLOOD GASES ANY COMBINATI,82803,665
SPUTUM SPECIMEN COLLECTIO,89220,167
ELECTROLYTE PANEL,80051,243
VENT MGMT INPAT INIT DAY,94002,1887
VENT MGMT INPAT SUBQ DAY,94003,1747
DEMO/EVAL INHALATN DEVICE,94664,230
FBC HBO PER 30 MIN,G0277,389
ASSAY OF SERUM POTASSIUM,84132,40
HEMATOCRIT,85014,19
HEMOGLOBIN,85018,19
PROTHROMBIN TIME,85610,34
THROMBOPLASTIN TIME (PTT),85730,53
ASSAY OF CREATININE,82565,82
ASSAY OF TROPONIN QUANT,84484,374
CALCIUM; IONIZED,82330,77
EZ PAP,94640,127
ALVEOLAR RECRUITMENT,,69
BRONCHOSCOPY ASSIST,,69
PEP SUBSQ,94668,127
BRONCHOSCOPY CLEAR AIRWAY,31645,2757
BRONCHOSCOPY RECLEAR AW,31646,2757
ASSAY OF LACTIC ACID,83605,529
MECHANICAL CHEST WALL OSC,94669,166
NIGHT OXIMETRY TESTING,94762,210
MINI-BRONCHO ALVEOLAR LAV,31899,1958
TX COGNITIVE SKILLS 15 MI,G0515,172
TX SPEECH/LANG/VOICE INDV,92507,328
ORAL FUNCTION THERAPY,92526,686
EVAL-ORAL SPEECH DEVICE,92597,714
ENDSCPY SWALLOW TST FEES,92612,1177
EVAL SWALLOW FUNCT,92610,833
MOTION FLUOROSCOPY/SWALLO,92611,818
ELECTRICAL STIMULATION,97032,383
STANDARD COGNI PERF TEST,96125,704
EVAL SPEECH PRODUCTION,92522,833
EVAL SPEECH SND LANG COMP,92523,833
BEHAV QLTY ANALYS VOICE,92524,833
TX ELEC STIM (UNATTN),G0283,156
TX ELEC STIM 15 MIN,97032,212
TX HOT OR COLD PACKS,97010,198
TX ULTRASOUND 15 MIN,97035,59
APP SHORT ARM SPLINT,29125,198
TX COGNITIVE SKILLS 15 MI,G0515,212
MANUAL THERAPY TECHNIQUES,97140,143
TX NEUROMUSCULAR RE-ED,97112,212
TX  SELF CARE MGT  15 MIN,97535,212
TX SENSORY INTG 15 MIN,97533,173
TX THERAPEUTIC ACT 15 MIN,97530,212
THR EXER-ROM EACH 15MINS,97110,169
TX BAL/CORD 15 MIN,97112,192
TX MASSAGE 15 MIN,97124,200
TX WHEELCHAIR MGT 15MIN,97542,96
RMVL DEVITAL TIS 20CM/<,97597,591
RMVL DEV TIS ADDL 20CM/<,97598,197
ORTHOTIC MGT/TRAIN 15 MIN,97760,220
WOUND ULTRASOUND,97610,725
OT EVAL LOW COMPLEX 30MIN,97165,649
OT EVAL MOD COMPLEX 45MIN,97166,649
OT EVAL HIGH COMPLEX 60MI,97167,649
OT RE-EVAL EST PLAN CARE,97168,511
TX ELEC STIM (UNATTN),G0283,229
TX ELEC STIM 15 MIN,97032,252
TX HOT/COLD PACKS,97010,229
TX ULTRASOUND 15 MIN,97035,89
TX MANUAL TECH 15 MIN,97140,300
TX NEUROMUSCULAR RE-ED,97112,287
TX THERAPEUTIC ACT 15 MIN,97530,229
TX AQUATIC 15 MIN,97113,299
TX BAL/COORD 15 MIN,97112,229
TX GAIT TRAIN 15 MIN,97116,229
TX MASSAGE 15 MIN,97124,233
THR EXER-ROM EACH 15MINS,97110,229
TX WHEELCHAIR MGMT  15 MI,97542,109
TX OTHDCS MGT/ TRAIN 15 M,97760,263
ELEC STIM (UNATT) NON-WND,G0283,92
TX SENSORY INTG 15 MIN,97533,198
REMV/REVISE CAST ARM/LEG,29705,647
WOUND ULTRASOUND,97610,725
PT EVAL LOW COMPLEX 20MIN,97161,714
PT EVAL MOD COMPLEX 30MIN,97162,714
PT EVAL HIGH COMPLEX 45MI,97163,714
PT RE-EVAL EST PLAN CARE,97164,598
SEMI PRIVATE MED SURG,,2006
SEMI PRIVATE INTERM ICU,,2315
SEMI PRIVATE ICU,,2470
SEMI PRIV ISO/TELE M/S,,2160
PRIVATE  MED SURG,,2392
PRIVATE INTERM ICU,,3087
PRIVATE ICU,,3550
PRIVATE ISO/TELE M/S,,2778
SEMI-PRIV SUB-ACUTE/REHAB,,1852
PRIVATE SUB-ACUTE/REHAB,,2160
PRIVATE CPU,,2392
PRIVATE CPU ISO/TELE,,2778
SEMI-PRIVATE CPU,,2006
SEMI-PRIVATE CPU ISO/TELE,,2160
CYSTURTHRSCPY SEP PRCDR,52000,8982
LUNG V/Q IMAGING,78582,12761
TUMOR IMAGE PET/CT SKUL-T,78815,26404
DOPPLER COLOR FLOW ADD-ON,93325,1650
DOPPLER ECHO CONT WAVE,93320,1769
ECHO TRNSPHAGEAL F/U LTD,93308,6427
ECHO TRNSTHRACIC STRESS,93350,4313
TTE W/DOPPLER COMPLETE,93306,6356.41
ECG 12 LEADS;TRACING ONLY,93005,167.88
ECG MONITOR 24 HR RECORD,93225,943
EEG AWAKE AND ASLEEP,95819,1492
SLEEP STDY UNAT RESP EFFT,95806,545
MATTRESS SPECIALTY 1,,364
MATTRESS SPECIALTY 2,,436
MATTRESS SPECIALTY 3,,602
ADMIN INFLUENZA VIRUS VAC,G0008,96
ADMIN PNEUMOCOCCAL VAC,G0009,96
AERO CHAMBER,,56
AIDE CUP,,86
AIDE LEG LIFTER,,87
AIDE PLATE GUARD,,174
AIDE REACHER,,174
AIDE SOCK/STOCKING FLEX,,192
AIDE SPONGE LONG HANDLE,,90
AIDE TOILET,,227
AIDE UNIV CUFF,,57
AIDE UTENSILS SPECIAL,,295
BELT OSTOMY,A4367,152
BINDER ABDOM 30IN-45IN,,412
BLANKET HYPOTHERMIA,,391
CART CRASH,,1814
CAST PADDING 4IN,,60
CAST PADDING 6IN,,19
COLLAR TRCH AER,A7526,16
ELECTRODES E STEM DISP,,196
IMMOBILIZER KNEE,L1830,407
IMMOBILIZER SHOULDER,L3670,407
MASK BIPAP SM,,388
MASK BIPAP MED,,388
MASK BIPAP LG,,388
MASK NON REBREATHER DISP,,34
MASK VENTI,,34
POWDER OSTOMY,A4371,72
RESTRAINT LIMB (DISP),,82
SENSOR FLOW,,355
SHOES ORTHOPEDIC,,171
SLV SEQ CMPRS DEV KNEE,,570
SLV SEQ CMPRS DEV THG MED,,602
SLING ARM LG,A4565,37
SLING HOYER LARGE,,400
SPRAY NO STING BARRIER,A4369,117
STOCKING KNEE-HI LG,,17
STOCKING KNEE-HI SM,,17
STOCKING THIGH-HI LG/LONG,,22
STYLET,,72
MULTIBOOT (PODUS),L4396,435
PASTE STOMAHESIVE,A4405,34
HOLDER NASOGASTRIC,,16
THERABAND (INDV),,51
MASK TRACH (DISP),A7525,38
PROTECTOR HEEL,,430
HOLDER ENDO TUBE,,138
BAG URIN DRAIN W/LEG STRA,A4358,17
MASK FACE TENT,A4619,20
KIT VAC GEL CANISTER TRAC,,346
NEBULIZER,,64
CIRCUIT BIPAP,,125
SLEEVE SCD MED,,259
AIRWAY NASAL 30,,77
CATH PICC INTRODUCER 5 FR,C1894,435
CATH THORACIC 28 FR,,64
DRAIN JACKSON PRATT 10,,139
DRAIN JACKSON PRATT 19,,120
DRAIN PENROSE 1/4,,19
DRS ABDOMINAL 5X9,A6220,15
DSG AQUACEL 4X4,A6197,121
DRESSING AQUACEL ROPE,A6199,137
DRESSING BIO PATCH,A6209,146
DRESSING COBAN 4IN,A6454,64
DRESSING FOAM 4X4,A6237,33
DSG EXUDERM ODOR HC 6X6,A6238,53
DSG NACL MESALT RIBBON,,32
DRS NU GAUZE (PLN) 1/4IN,A6402,82
DRS NU GAUZE (PLN) 1/2IN,A6402,132
DRS NU GAUZE (PLAIN) 1IN,A6402,96
DRS SOFT FOAM VAC W/O CON,,95
DSG TRANS FILM 2.4X2.8IN,A6257,17
DSG TRANS FILM 4X4.8IN,A6258,25
DSG TRANS FILM 6X8IN,A6259,64
DRS TEGADERM 8X12,A6259,73
DSG POLYMEM NON-AD AG 4X4,A6209,63
DRESSING WOUND VAC LG,A6550,480
DRESSING WOUND VAC MED,A6550,440
DRESSING WOUND VAC SM,A6550,421
DSG XEROFORM 1X8IN,A6222,19
DRESSING XEROFORM 2X2,A6222,32
DRESSING XEROFORM 5X9,A6223,22
INTER-CANNULA (DISP),A4623,158
KIT ARTERIAL LINE 20 GA 3,A4310,33
KIT CHEST TUBE INSERTION,,445
KIT IRRIGATION (DISP),A4320,48
KIT TUBE PORTEX DIC 7MM,A7521,158
KIT WOUND VAC 2-WAY CON,,578
RESERVOIR JACKSON PRATT,,284
SET CYSTO/BLADDER IRRG,A4355,79
SYSTEM CLSD TRACH SUCTION,A4605,361
TRACH CUFFLESS 4,,488
TRACH CUFFLESS 6,,488
TRACH CUFFLESS 8,,488
TRAY DEBRIDEMENT,,77
TRAY PICC LINE INSERTION,C1894,366
TRAY THORACENTESIS,,128
TRAY TRACH CLEANING,,73
TUBE ENDOTRACHEAL ALL SZ,,46
TUBE FEEDING 8 FR,,127
TUBE FEEDING 12 FR,,109
TUBE SALEM SUMP 14 FR,,420
TUBE SALEM SUMP 16 FR,,420
TUBE TRACH 6.0,,543
TUBE TRACH 7.0,,520
TUBE TRACH 8.0,,439
TUBING FEEDING DOBBOFF,B4087,230
TUBING LEVINE 16 FR,,51
TUBING LEVINE 18 FR,,51
VALVE FLUTTER,,520
VALVE PEEP (DISP),,71
VALVE SPEAKING,L8501,466
TUBE GASTRO 20FR,B4087,541
KIT CHEST DRAINAGE SYSTEM,A4310,341
TRAY LACERATION,,169
HEMOSTAT SURGICEL AB 2X14,,302
TRAY THORA/PARACENTESIS,,262
TUBE GASTRO 18FR,B4087,412
COLLAR PHILADELPHIA LARGE,L0172,269
COLLAR PHILADELPHIA MEDIU,L0172,269
DSG ACRYL CLR ABS 6.6X7.5,A6204,95
TRACH EXTRA LONG 7,,619
DRS AQUACEL 2X45CM,A6199,100
DSG AQUACEL 5X5,,132
DSG STRATASORB CMPST 4X4,A6204,53
TRACH PORTEX/SHILEY,,171
DRS ARGLAES POWDER,,359
TRACH BIVONA (TTS),A7521,295
DRS INGSTRATASRB COMP 6X6,A6204,18
EASY PAP,,276
CANISTER VAC ATS W/GEL,,430
VLV RESIST ACAPELLA GREEN,,343
DSG SILVASORB GEL 1.5OZ,A6261,185
STATLOCK PICC,A5200,152
TUBE TRACH SHILEY,,169
TUBE DRAINAGE,,135
CIRCUIT BREATHING TR VENT,A4618,219
DRS AQUACEL AG 4X4,A6197,190
DRS VAC DRAPE ADHESIVE,A6550,140
GEL IODOSORB CADEXOMER IO,A6261,111
CIRCUIT VENT HEATED,A4618,137
VALVE BIOPSY,,87
TUBE TRACH CUFFED,A7521,158
KIT MIST WOUND THERAPY,,411
POUCH EAKIN FISTULA 4X3,A6154,141
TRACH DBL ELBOW SWIVEL,,287
MASK AEROSOL (DISP),,33
DSG ADAPTIC 5X9,A6223,20
DSG ANTIMIC INTRDRY 12FT,A6250,260
POUCH EAKIN FIST 1.8X1.2,A6154,96
DRS MEPILEX AG 4X8,A6210,117
DSG MEPILEX ADHV GZ 4X4,A6212,417
VALVE SUCTION,,145
PORT EXHST VLV WHSPR SWVL,,282
INNER CANNULA XLT (DISP),A4623,447
CAUTERY FINE-TIP BOVIE,,124
DRS INTERDRY AG,A6250,243
DSG PURACOL AG 2X2.22IN,A6021,74
NEEDLE HUBER 20GX1IN,A4212,166
TUBE GASTRO 14FR,B4087,403
DRS MEPILEX BDR SAC 18X18,,113
DSG OPTIF ADHV BRDR 4X4,A6212,40
BOOT MULTIPODUS LINER,L4392,382
BRACE WRIST D-RING,L3908,383
COLLAR CERV SOFT MED,L0120,72
SPLINT HAND,,590
SPLINT HAND RESTING,L3931,229
HELMET  HEAD INJURY,,561
DRS PURACOL PLUS AG,,197
DSG HYDROGEL BT 1OZ,A6248,19
NASAL CANNULA OPTIFLOW LG,A4615,246
AIDE CUP W/HANDLE,,46
AIDE FORK,,64
AIDE TEASPOON,,166
HEADGEAR MASK,,395
POUCH LOCK AND ROLL,A4426,17
SECURE MITTS (DISP),,129
BINDER ABDOM 62IN-74IN,,83
BINDER ABDOM72IN-84IN,,83
BINDER ABD XL 72-96IN,,213
MICROCLAVE CLAMP ROT LUER,,32
KENNEDY CUP,,125
DSG ACRYL CLR ABS 4.4X5,A6203,40
ROCKER SWITCH PENCIL 10,,42
DSG EXUDERM THIN HC 6X6,A6235,40
DSG NOGREASE HYDROGEL 4OZ,A6248,53
DSG OPTI GEL FBR AG+ 6X6,A6197,152
DSG OPTI NON-ADHSV STERIL,A6213,74
DSG OPTIF GEN BRDR 1.6X2,A6219,19
DSG OPTIF GEN BORDER 3X3,A6219,19
DSG OPTIF GEN BORDER 6X6,A6217,40
DSG OPTIF GEN SACRAL 10X9,A6218,95
DSG OPTIF NON-ADHSV 4X4IN,A6209,40
DSG OPTIFOAM ADHSV 4X4IN,A6212,40
DSG PURACOL AG 4.25X4.25,A6022,167
DSG STRATASORB CMPST 4X10,A6204,19
DSG THERAHONEY GEL 1.5OZ,A6250,99
DSG VERSATEL 2X3IN,A6206,40
DSG VERSATEL 4X7IN,A6207,84
PASTE PHYTOPLEX 4OZ,,40
DSG THERAHONEY GEL 0.5OZ,A6250,40
STAPLER ROTATING 35 WIDE,,172
BLADE CHANELD VISION DISP,,197
CANISTER VAC INFO 500ML,,191
DSG OPTIFOAM ROUND 4IN,A6212,17
GLIDESCOPE GVL SZ3,,476
MEDICAL ADHESIV 3.2OZ SPR,A4364,113
FOAM CLEAN PHYTOPLEX 4OZ,,40
CRE HYDROGRD PHYTOPLX 4OZ,,40
DSG EXUDERM ODOR HC 8X8,A6236,84
OSTOMY BAG,A4435,51
UROSTOMY POUCH,A4391,22
FLANGE/CONNECTOR,A5063,55
FECAL BAG,,158
TRANSTRACH OXY CATH 11cm,A4608,499
STRAIGHT TIP URINE CATH,A4351,88
CATH SECUREMENT DEVICE,A5200,66
CONDOM CATH MALE - ALL SZ,A4349,24
FOLEY CATH 2 WAY - ALL SZ,A4338,68
FOLEY CATH 3 WAY - ALL SZ,A4346,429
FOLY CATH ALL PURP-ALL SZ,A4351,84
FOLEY CATH COUDE - ALL SZ,A4340,25
FOLEY CATH TIEMANN-ALL SZ,A4338,55
INTERMITTENT CATH-ALL SZ,A4351,94
URINE DRAINAGE BAG,A4358,17
SLEEVE SCD ALL SIZES,,585
FEMALE EXT URINARY MGMT,A4328,64
